[{"stream_name":"stderr","time":6.904612024,"data":"/usr/local/lib/python3.12/dist-packages/nbformat/__init__.py:96: MissingIDFieldWarning: Cell is missing an id field, this will become a hard error in future nbformat versions. You may want to use `normalize()` on your notebooks before validations (available since nbformat 5.1.4). Previous versions of nbformat are fixing this issue transparently, and will stop doing so in the future.\n"}
,{"stream_name":"stderr","time":6.9046545980000005,"data":"  validate(nb)\n"}
,{"stream_name":"stderr","time":7.759668177,"data":"0.00s - Debugger warning: It seems that frozen modules are being used, which may\n"}
,{"stream_name":"stderr","time":7.759715437,"data":"0.00s - make the debugger miss breakpoints. Please pass -Xfrozen_modules=off\n"}
,{"stream_name":"stderr","time":7.759721128,"data":"0.00s - to python to disable frozen modules.\n"}
,{"stream_name":"stderr","time":7.759725223,"data":"0.00s - Note: Debugging will proceed. Set PYDEVD_DISABLE_FILE_VALIDATION=1 to disable this validation.\n"}
,{"stream_name":"stderr","time":8.354141145,"data":"0.00s - Debugger warning: It seems that frozen modules are being used, which may\n"}
,{"stream_name":"stderr","time":8.354189138,"data":"0.00s - make the debugger miss breakpoints. Please pass -Xfrozen_modules=off\n"}
,{"stream_name":"stderr","time":8.354198495,"data":"0.00s - to python to disable frozen modules.\n"}
,{"stream_name":"stderr","time":8.35420281,"data":"0.00s - Note: Debugging will proceed. Set PYDEVD_DISABLE_FILE_VALIDATION=1 to disable this validation.\n"}
,{"stream_name":"stdout","time":9.479726764,"data":"name, driver_version, memory.total [MiB]\r\n"}
,{"stream_name":"stdout","time":9.479768106,"data":"Tesla T4, 580.159.04, 15360 MiB\r\n"}
,{"stream_name":"stdout","time":9.479771291,"data":"Tesla T4, 580.159.04, 15360 MiB\r\n"}
,{"stream_name":"stdout","time":14.588328052,"data":"torch 2.10.0+cu128 | cuda 12.8\n"}
,{"stream_name":"stdout","time":14.588370276,"data":"Tesla T4, 15.6 GB\n"}
,{"stream_name":"stdout","time":14.625214419,"data":"/kaggle/working\n"}
,{"stream_name":"stdout","time":16.544669811,"data":"/kaggle/working/vrgrid-26\n"}
,{"stream_name":"stdout","time":16.544697333,"data":"\u001b[33m91b0c4c\u001b[m\u001b[33m (\u001b[m\u001b[1;36mHEAD -\u003e \u001b[m\u001b[1;32mmain\u001b[m\u001b[33m, \u001b[m\u001b[1;31morigin/main\u001b[m\u001b[33m, \u001b[m\u001b[1;31morigin/HEAD\u001b[m\u001b[33m)\u001b[m gpu: the -0.6 mIoU was undertraining plus the class weighting, not the recipe\r\n"}
,{"stream_name":"stdout","time":26.764566829,"data":"cupy 14.0.1 (preinstalled)\n"}
,{"stream_name":"stdout","time":26.813083868,"data":"input/\n"}
,{"stream_name":"stdout","time":26.813118149,"data":"  datasets/\n"}
,{"stream_name":"stdout","time":26.813127581,"data":"    parthibhang/\n"}
,{"stream_name":"stdout","time":26.813131423,"data":"      semantickitti/\n"}
,{"stream_name":"stdout","time":26.813134492,"data":"    shrestha1778/\n"}
,{"stream_name":"stdout","time":26.813137579,"data":"      vrgrid-bundle/\n"}
,{"stream_name":"stdout","time":26.813140945,"data":"\n"}
,{"stream_name":"stdout","time":26.813143901,"data":"MIRROR: /kaggle/input/datasets/parthibhang/semantickitti \n"}
,{"stream_name":"stdout","time":26.813146983,"data":"BUNDLE: /kaggle/input/datasets/shrestha1778/vrgrid-bundle\n"}
,{"stream_name":"stdout","time":26.813149989,"data":"VRGRID_ASSETS=/kaggle/working/assets\n"}
,{"stream_name":"stdout","time":26.813152881,"data":"VRGRID_DATA_ROOT=/kaggle/working/assets/dataset\n"}
,{"stream_name":"stdout","time":26.813183335,"data":"VRGRID_FRNET_CHECKPOINT=/kaggle/working/assets/checkpoints/frnet-semantickitti_seg.pth\n"}
,{"stream_name":"stdout","time":27.065289363,"data":"VRAM free 15.5 GB of 15.6 GB (the laptop had 7.57 GB total and died)\n"}
,{"stream_name":"stdout","time":29.411457085,"data":"verifying on cuda: 20,000 rows x 64 ch into 4,000 slots (28 empty)\n"}
,{"stream_name":"stdout","time":29.613742992,"data":"verifying on cuda: 20,000 rows x 64 ch into 4,000 slots (28 empty)\n"}
,{"stream_name":"stdout","time":30.919057743,"data":"  scatter_max   forward  max abs diff 0.000e+00 (0.0 ulp), 0 of 254,208 values differ, empty-slot convention matches\n"}
,{"stream_name":"stdout","time":30.920009399,"data":"  scatter_mean  forward  max abs diff 2.384e-07 (2.0 ulp), 105,261 of 256,000 values differ, empty-slot convention matches\n"}
,{"stream_name":"stdout","time":31.12124633,"data":"  scatter_max   forward  max abs diff 0.000e+00 (0.0 ulp), 0 of 254,208 values differ, empty-slot convention matches\n"}
,{"stream_name":"stdout","time":31.121274026,"data":"  scatter_mean  forward  max abs diff 2.384e-07 (2.0 ulp), 105,261 of 256,000 values differ, empty-slot convention matches\n"}
,{"stream_name":"stdout","time":33.037049254,"data":"  scatter_max   backward max abs diff 0.000e+00\n"}
,{"stream_name":"stdout","time":33.239007338,"data":"  scatter_max   backward max abs diff 0.000e+00\n"}
,{"stream_name":"stdout","time":34.636633635,"data":"  scatter_mean  backward max abs diff 2.384e-07 (2.0 ulp on 17,421 of 20,000 rows, the same float32 rounding as the forward)\n"}
,{"stream_name":"stdout","time":34.636664028,"data":"  verified: scatter_max exact in both directions, scatter_mean within float32 rounding\n"}
,{"stream_name":"stdout","time":34.63666958,"data":"\n"}
,{"stream_name":"stdout","time":34.636880186,"data":"fast-scatter ENABLED in frustum_encoder, frnet_backbone (scatter_max) and frustum_encoder (scatter_mean)\n"}
,{"stream_name":"stdout","time":34.680197419,"data":"device cuda, holding out sequence 08\n"}
,{"stream_name":"stdout","time":34.680218774,"data":"indexing training frames:\n"}
,{"stream_name":"stdout","time":34.838971445,"data":"  scatter_mean  backward max abs diff 2.384e-07 (2.0 ulp on 17,421 of 20,000 rows, the same float32 rounding as the forward)\n"}
,{"stream_name":"stdout","time":34.83900389,"data":"  verified: scatter_max exact in both directions, scatter_mean within float32 rounding\n"}
,{"stream_name":"stdout","time":34.839012052,"data":"\n"}
,{"stream_name":"stdout","time":34.839020726,"data":"fast-scatter ENABLED in frustum_encoder, frnet_backbone (scatter_max) and frustum_encoder (scatter_mean)\n"}
,{"stream_name":"stdout","time":34.839024606,"data":"device cuda, holding out sequence 08\n"}
,{"stream_name":"stdout","time":34.839027882,"data":"indexing training frames:\n"}
,{"stream_name":"stdout","time":44.687768492000004,"data":"  sequence 00:  4541 labelled frames\n"}
,{"stream_name":"stdout","time":44.890050888,"data":"  sequence 00:  4541 labelled frames\n"}
,{"stream_name":"stdout","time":47.17750071,"data":"  sequence 01:  1101 labelled frames\n"}
,{"stream_name":"stdout","time":47.379587899,"data":"  sequence 01:  1101 labelled frames\n"}
,{"stream_name":"stdout","time":56.741049547,"data":"  sequence 02:  4661 labelled frames\n"}
,{"stream_name":"stdout","time":56.943185357,"data":"  sequence 02:  4661 labelled frames\n"}
,{"stream_name":"stdout","time":58.303424039,"data":"  sequence 03:   801 labelled frames\n"}
,{"stream_name":"stdout","time":58.508027734,"data":"  sequence 03:   801 labelled frames\n"}
,{"stream_name":"stdout","time":58.795800509,"data":"  sequence 04:   271 labelled frames\n"}
,{"stream_name":"stdout","time":58.997938229,"data":"  sequence 04:   271 labelled frames\n"}
,{"stream_name":"stdout","time":64.075884216,"data":"  sequence 05:  2761 labelled frames\n"}
,{"stream_name":"stdout","time":64.277969798,"data":"  sequence 05:  2761 labelled frames\n"}
,{"stream_name":"stdout","time":66.465843506,"data":"  sequence 06:  1101 labelled frames\n"}
,{"stream_name":"stdout","time":66.66800165,"data":"  sequence 06:  1101 labelled frames\n"}
,{"stream_name":"stdout","time":68.808823667,"data":"  sequence 07:  1101 labelled frames\n"}
,{"stream_name":"stdout","time":69.011022731,"data":"  sequence 07:  1101 labelled frames\n"}
,{"stream_name":"stdout","time":72.293195657,"data":"  sequence 09:  1591 labelled frames\n"}
,{"stream_name":"stdout","time":72.495305378,"data":"  sequence 09:  1591 labelled frames\n"}
,{"stream_name":"stdout","time":74.724095293,"data":"  sequence 10:  1201 labelled frames\n"}
,{"stream_name":"stdout","time":74.724125522,"data":"  19,130 frames over 10 sequences\n"}
,{"stream_name":"stdout","time":74.724130889,"data":"\n"}
,{"stream_name":"stdout","time":74.926315752,"data":"  sequence 10:  1201 labelled frames\n"}
,{"stream_name":"stdout","time":74.926345528,"data":"  19,130 frames over 10 sequences\n"}
,{"stream_name":"stdout","time":74.926351304,"data":"\n"}
,{"stream_name":"stdout","time":75.369901943,"data":"init from frnet-semantickitti_seg.pth: 0 missing, 8 unexpected (auxiliary heads are training-only and correctly unused)\n"}
,{"stream_name":"stdout","time":75.396363907,"data":"unfreeze=head+backbone: 9,906,964 of 10,019,252 parameters trainable (98.9%)\n"}
,{"stream_name":"stdout","time":75.396605601,"data":"class weights: 3.0x on terrain, vegetation, 1.0 elsewhere\n"}
,{"stream_name":"stdout","time":75.572564337,"data":"init from frnet-semantickitti_seg.pth: 0 missing, 8 unexpected (auxiliary heads are training-only and correctly unused)\n"}
,{"stream_name":"stdout","time":75.572596669,"data":"unfreeze=head+backbone: 9,906,964 of 10,019,252 parameters trainable (98.9%)\n"}
,{"stream_name":"stdout","time":75.572601088,"data":"class weights: 3.0x on terrain, vegetation, 1.0 elsewhere\n"}
,{"stream_name":"stdout","time":80.355084701,"data":"\n"}
,{"stream_name":"stdout","time":80.355110825,"data":"training 2000 steps, batch 2, lr 0.0001\n"}
,{"stream_name":"stdout","time":80.355115873,"data":"\n"}
,{"stream_name":"stdout","time":80.557575675,"data":"\n"}
,{"stream_name":"stdout","time":80.557614093,"data":"training 2000 steps, batch 2, lr 0.0001\n"}
,{"stream_name":"stdout","time":80.557618736,"data":"\n"}
,{"stream_name":"stdout","time":101.762677279,"data":"  step    25  loss 0.1189   1.17 steps/s  eta  28.2 min\n"}
,{"stream_name":"stdout","time":101.969638547,"data":"  step    25  loss 0.1189   1.17 steps/s  eta  28.2 min\n"}
,{"stream_name":"stdout","time":122.485853803,"data":"  step    50  loss 0.1080   1.19 steps/s  eta  27.4 min\n"}
,{"stream_name":"stdout","time":122.688564986,"data":"  step    50  loss 0.1080   1.19 steps/s  eta  27.4 min\n"}
,{"stream_name":"stdout","time":144.094070174,"data":"  step    75  loss 0.1089   1.18 steps/s  eta  27.3 min\n"}
,{"stream_name":"stdout","time":144.300567062,"data":"  step    75  loss 0.1089   1.18 steps/s  eta  27.3 min\n"}
,{"stream_name":"stdout","time":168.028736276,"data":"  step   100  loss 0.1143   1.14 steps/s  eta  27.8 min\n"}
,{"stream_name":"stdout","time":168.230919877,"data":"  step   100  loss 0.1143   1.14 steps/s  eta  27.8 min\n"}
,{"stream_name":"stdout","time":191.786023248,"data":"  step   125  loss 0.0978   1.12 steps/s  eta  27.9 min\n"}
,{"stream_name":"stdout","time":191.991289738,"data":"  step   125  loss 0.0978   1.12 steps/s  eta  27.9 min\n"}
,{"stream_name":"stdout","time":213.863600048,"data":"  step   150  loss 0.0971   1.12 steps/s  eta  27.4 min\n"}
,{"stream_name":"stdout","time":214.06579898,"data":"  step   150  loss 0.0971   1.12 steps/s  eta  27.4 min\n"}
,{"stream_name":"stdout","time":236.124645716,"data":"  step   175  loss 0.1004   1.12 steps/s  eta  27.1 min\n"}
,{"stream_name":"stdout","time":236.331596695,"data":"  step   175  loss 0.1004   1.12 steps/s  eta  27.1 min\n"}
,{"stream_name":"stdout","time":259.338110795,"data":"  step   200  loss 0.1054   1.12 steps/s  eta  26.8 min\n"}
,{"stream_name":"stdout","time":259.540671833,"data":"  step   200  loss 0.1054   1.12 steps/s  eta  26.8 min\n"}
,{"stream_name":"stdout","time":282.329798605,"data":"  step   225  loss 0.1038   1.11 steps/s  eta  26.6 min\n"}
,{"stream_name":"stdout","time":282.534984604,"data":"  step   225  loss 0.1038   1.11 steps/s  eta  26.6 min\n"}
,{"stream_name":"stdout","time":304.457261721,"data":"  step   250  loss 0.0942   1.12 steps/s  eta  26.1 min\n"}
,{"stream_name":"stdout","time":304.659506582,"data":"  step   250  loss 0.0942   1.12 steps/s  eta  26.1 min\n"}
,{"stream_name":"stdout","time":326.945067946,"data":"  step   275  loss 0.1096   1.12 steps/s  eta  25.8 min\n"}
,{"stream_name":"stdout","time":327.151922014,"data":"  step   275  loss 0.1096   1.12 steps/s  eta  25.8 min\n"}
,{"stream_name":"stdout","time":350.219407923,"data":"  step   300  loss 0.0887   1.11 steps/s  eta  25.5 min\n"}
,{"stream_name":"stdout","time":350.421806927,"data":"  step   300  loss 0.0887   1.11 steps/s  eta  25.5 min\n"}
,{"stream_name":"stdout","time":373.226280451,"data":"  step   325  loss 0.1072   1.11 steps/s  eta  25.2 min\n"}
,{"stream_name":"stdout","time":373.431562922,"data":"  step   325  loss 0.1072   1.11 steps/s  eta  25.2 min\n"}
,{"stream_name":"stdout","time":395.879494735,"data":"  step   350  loss 0.1005   1.11 steps/s  eta  24.8 min\n"}
,{"stream_name":"stdout","time":396.081665847,"data":"  step   350  loss 0.1005   1.11 steps/s  eta  24.8 min\n"}
,{"stream_name":"stdout","time":418.963731707,"data":"  step   375  loss 0.1151   1.11 steps/s  eta  24.5 min\n"}
,{"stream_name":"stdout","time":419.168981583,"data":"  step   375  loss 0.1151   1.11 steps/s  eta  24.5 min\n"}
,{"stream_name":"stdout","time":442.03110381,"data":"  step   400  loss 0.1052   1.11 steps/s  eta  24.1 min\n"}
,{"stream_name":"stdout","time":442.233510193,"data":"  step   400  loss 0.1052   1.11 steps/s  eta  24.1 min\n"}
,{"stream_name":"stdout","time":464.928008211,"data":"  step   425  loss 0.1012   1.11 steps/s  eta  23.8 min\n"}
,{"stream_name":"stdout","time":465.135080067,"data":"  step   425  loss 0.1012   1.11 steps/s  eta  23.8 min\n"}
,{"stream_name":"stdout","time":488.047833736,"data":"  step   450  loss 0.1046   1.10 steps/s  eta  23.4 min\n"}
,{"stream_name":"stdout","time":488.250189461,"data":"  step   450  loss 0.1046   1.10 steps/s  eta  23.4 min\n"}
,{"stream_name":"stdout","time":511.124794658,"data":"  step   475  loss 0.1076   1.10 steps/s  eta  23.0 min\n"}
,{"stream_name":"stdout","time":511.332469702,"data":"  step   475  loss 0.1076   1.10 steps/s  eta  23.0 min\n"}
,{"stream_name":"stdout","time":534.228268503,"data":"  step   500  loss 0.1093   1.10 steps/s  eta  22.7 min\n"}
,{"stream_name":"stdout","time":534.430499239,"data":"  step   500  loss 0.1093   1.10 steps/s  eta  22.7 min\n"}
,{"stream_name":"stdout","time":557.028740227,"data":"  step   525  loss 0.0990   1.10 steps/s  eta  22.3 min\n"}
,{"stream_name":"stdout","time":557.236456392,"data":"  step   525  loss 0.0990   1.10 steps/s  eta  22.3 min\n"}
,{"stream_name":"stdout","time":579.950675482,"data":"  step   550  loss 0.1057   1.10 steps/s  eta  22.0 min\n"}
,{"stream_name":"stdout","time":580.153014257,"data":"  step   550  loss 0.1057   1.10 steps/s  eta  22.0 min\n"}
,{"stream_name":"stdout","time":602.699936185,"data":"  step   575  loss 0.1302   1.10 steps/s  eta  21.6 min\n"}
,{"stream_name":"stdout","time":602.90556919,"data":"  step   575  loss 0.1302   1.10 steps/s  eta  21.6 min\n"}
,{"stream_name":"stdout","time":625.727573426,"data":"  step   600  loss 0.1098   1.10 steps/s  eta  21.2 min\n"}
,{"stream_name":"stdout","time":625.929870015,"data":"  step   600  loss 0.1098   1.10 steps/s  eta  21.2 min\n"}
,{"stream_name":"stdout","time":648.628405885,"data":"  step   625  loss 0.1060   1.10 steps/s  eta  20.8 min\n"}
,{"stream_name":"stdout","time":648.837634261,"data":"  step   625  loss 0.1060   1.10 steps/s  eta  20.8 min\n"}
,{"stream_name":"stdout","time":671.351270265,"data":"  step   650  loss 0.1064   1.10 steps/s  eta  20.5 min\n"}
,{"stream_name":"stdout","time":671.5537858,"data":"  step   650  loss 0.1064   1.10 steps/s  eta  20.5 min\n"}
,{"stream_name":"stdout","time":693.810661254,"data":"  step   675  loss 0.0955   1.10 steps/s  eta  20.1 min\n"}
,{"stream_name":"stdout","time":694.01853213,"data":"  step   675  loss 0.0955   1.10 steps/s  eta  20.1 min\n"}
,{"stream_name":"stdout","time":716.540579392,"data":"  step   700  loss 0.1072   1.10 steps/s  eta  19.7 min\n"}
,{"stream_name":"stdout","time":716.743181149,"data":"  step   700  loss 0.1072   1.10 steps/s  eta  19.7 min\n"}
,{"stream_name":"stdout","time":738.748657073,"data":"  step   725  loss 0.1074   1.10 steps/s  eta  19.3 min\n"}
,{"stream_name":"stdout","time":738.954639288,"data":"  step   725  loss 0.1074   1.10 steps/s  eta  19.3 min\n"}
,{"stream_name":"stdout","time":761.328769827,"data":"  step   750  loss 0.1069   1.10 steps/s  eta  18.9 min\n"}
,{"stream_name":"stdout","time":761.531405002,"data":"  step   750  loss 0.1069   1.10 steps/s  eta  18.9 min\n"}
,{"stream_name":"stdout","time":784.29650546,"data":"  step   775  loss 0.0985   1.10 steps/s  eta  18.5 min\n"}
,{"stream_name":"stdout","time":784.504872448,"data":"  step   775  loss 0.0985   1.10 steps/s  eta  18.5 min\n"}
,{"stream_name":"stdout","time":807.104616729,"data":"  step   800  loss 0.1164   1.10 steps/s  eta  18.2 min\n"}
,{"stream_name":"stdout","time":807.306798305,"data":"  step   800  loss 0.1164   1.10 steps/s  eta  18.2 min\n"}
,{"stream_name":"stdout","time":829.890001417,"data":"  step   825  loss 0.1082   1.10 steps/s  eta  17.8 min\n"}
,{"stream_name":"stdout","time":830.095909614,"data":"  step   825  loss 0.1082   1.10 steps/s  eta  17.8 min\n"}
,{"stream_name":"stdout","time":852.736149505,"data":"  step   850  loss 0.1170   1.10 steps/s  eta  17.4 min\n"}
,{"stream_name":"stdout","time":852.938692844,"data":"  step   850  loss 0.1170   1.10 steps/s  eta  17.4 min\n"}
,{"stream_name":"stdout","time":875.571252758,"data":"  step   875  loss 0.1085   1.10 steps/s  eta  17.0 min\n"}
,{"stream_name":"stdout","time":875.777112721,"data":"  step   875  loss 0.1085   1.10 steps/s  eta  17.0 min\n"}
,{"stream_name":"stdout","time":898.254494873,"data":"  step   900  loss 0.1003   1.10 steps/s  eta  16.7 min\n"}
,{"stream_name":"stdout","time":898.457445311,"data":"  step   900  loss 0.1003   1.10 steps/s  eta  16.7 min\n"}
,{"stream_name":"stdout","time":921.058478223,"data":"  step   925  loss 0.0906   1.10 steps/s  eta  16.3 min\n"}
,{"stream_name":"stdout","time":921.267010033,"data":"  step   925  loss 0.0906   1.10 steps/s  eta  16.3 min\n"}
,{"stream_name":"stdout","time":943.931883875,"data":"  step   950  loss 0.0980   1.10 steps/s  eta  15.9 min\n"}
,{"stream_name":"stdout","time":944.133974122,"data":"  step   950  loss 0.0980   1.10 steps/s  eta  15.9 min\n"}
,{"stream_name":"stdout","time":966.666038463,"data":"  step   975  loss 0.0925   1.10 steps/s  eta  15.5 min\n"}
,{"stream_name":"stdout","time":966.871896559,"data":"  step   975  loss 0.0925   1.10 steps/s  eta  15.5 min\n"}
,{"stream_name":"stdout","time":989.400992889,"data":"  step  1000  loss 0.1137   1.10 steps/s  eta  15.2 min\n"}
,{"stream_name":"stdout","time":989.603396943,"data":"  step  1000  loss 0.1137   1.10 steps/s  eta  15.2 min\n"}
,{"stream_name":"stdout","time":1012.120293014,"data":"  step  1025  loss 0.0962   1.10 steps/s  eta  14.8 min\n"}
,{"stream_name":"stdout","time":1012.329258838,"data":"  step  1025  loss 0.0962   1.10 steps/s  eta  14.8 min\n"}
,{"stream_name":"stdout","time":1035.187850735,"data":"  step  1050  loss 0.0981   1.10 steps/s  eta  14.4 min\n"}
,{"stream_name":"stdout","time":1035.390038321,"data":"  step  1050  loss 0.0981   1.10 steps/s  eta  14.4 min\n"}
,{"stream_name":"stdout","time":1058.024320254,"data":"  step  1075  loss 0.1023   1.10 steps/s  eta  14.0 min\n"}
,{"stream_name":"stdout","time":1058.230316102,"data":"  step  1075  loss 0.1023   1.10 steps/s  eta  14.0 min\n"}
,{"stream_name":"stdout","time":1080.825307203,"data":"  step  1100  loss 0.1042   1.10 steps/s  eta  13.6 min\n"}
,{"stream_name":"stdout","time":1081.027947526,"data":"  step  1100  loss 0.1042   1.10 steps/s  eta  13.6 min\n"}
,{"stream_name":"stdout","time":1103.363962511,"data":"  step  1125  loss 0.1030   1.10 steps/s  eta  13.3 min\n"}
,{"stream_name":"stdout","time":1103.571112093,"data":"  step  1125  loss 0.1030   1.10 steps/s  eta  13.3 min\n"}
,{"stream_name":"stdout","time":1126.01747406,"data":"  step  1150  loss 0.1135   1.10 steps/s  eta  12.9 min\n"}
,{"stream_name":"stdout","time":1126.219857647,"data":"  step  1150  loss 0.1135   1.10 steps/s  eta  12.9 min\n"}
,{"stream_name":"stdout","time":1148.512915078,"data":"  step  1175  loss 0.0983   1.10 steps/s  eta  12.5 min\n"}
,{"stream_name":"stdout","time":1148.722398032,"data":"  step  1175  loss 0.0983   1.10 steps/s  eta  12.5 min\n"}
,{"stream_name":"stdout","time":1171.062754736,"data":"  step  1200  loss 0.0929   1.10 steps/s  eta  12.1 min\n"}
,{"stream_name":"stdout","time":1171.265340287,"data":"  step  1200  loss 0.0929   1.10 steps/s  eta  12.1 min\n"}
,{"stream_name":"stdout","time":1193.671856452,"data":"  step  1225  loss 0.1004   1.10 steps/s  eta  11.7 min\n"}
,{"stream_name":"stdout","time":1193.878282041,"data":"  step  1225  loss 0.1004   1.10 steps/s  eta  11.7 min\n"}
,{"stream_name":"stdout","time":1216.168623633,"data":"  step  1250  loss 0.1125   1.10 steps/s  eta  11.4 min\n"}
,{"stream_name":"stdout","time":1216.371013098,"data":"  step  1250  loss 0.1125   1.10 steps/s  eta  11.4 min\n"}
,{"stream_name":"stdout","time":1239.028747651,"data":"  step  1275  loss 0.0997   1.10 steps/s  eta  11.0 min\n"}
,{"stream_name":"stdout","time":1239.238335671,"data":"  step  1275  loss 0.0997   1.10 steps/s  eta  11.0 min\n"}
,{"stream_name":"stdout","time":1262.39630189,"data":"  step  1300  loss 0.1287   1.10 steps/s  eta  10.6 min\n"}
,{"stream_name":"stdout","time":1262.598779004,"data":"  step  1300  loss 0.1287   1.10 steps/s  eta  10.6 min\n"}
,{"stream_name":"stdout","time":1285.08688955,"data":"  step  1325  loss 0.1008   1.10 steps/s  eta  10.2 min\n"}
,{"stream_name":"stdout","time":1285.297878708,"data":"  step  1325  loss 0.1008   1.10 steps/s  eta  10.2 min\n"}
,{"stream_name":"stdout","time":1307.557788109,"data":"  step  1350  loss 0.1021   1.10 steps/s  eta   9.8 min\n"}
,{"stream_name":"stdout","time":1307.760324888,"data":"  step  1350  loss 0.1021   1.10 steps/s  eta   9.8 min\n"}
,{"stream_name":"stdout","time":1330.208704412,"data":"  step  1375  loss 0.1100   1.10 steps/s  eta   9.5 min\n"}
,{"stream_name":"stdout","time":1330.416169766,"data":"  step  1375  loss 0.1100   1.10 steps/s  eta   9.5 min\n"}
,{"stream_name":"stdout","time":1352.94523567,"data":"  step  1400  loss 0.0993   1.10 steps/s  eta   9.1 min\n"}
,{"stream_name":"stdout","time":1353.14772173,"data":"  step  1400  loss 0.0993   1.10 steps/s  eta   9.1 min\n"}
,{"stream_name":"stdout","time":1375.510404742,"data":"  step  1425  loss 0.1098   1.10 steps/s  eta   8.7 min\n"}
,{"stream_name":"stdout","time":1375.717485561,"data":"  step  1425  loss 0.1098   1.10 steps/s  eta   8.7 min\n"}
,{"stream_name":"stdout","time":1398.137652969,"data":"  step  1450  loss 0.1009   1.10 steps/s  eta   8.3 min\n"}
,{"stream_name":"stdout","time":1398.340235207,"data":"  step  1450  loss 0.1009   1.10 steps/s  eta   8.3 min\n"}
,{"stream_name":"stdout","time":1420.89406657,"data":"  step  1475  loss 0.1014   1.10 steps/s  eta   8.0 min\n"}
,{"stream_name":"stdout","time":1421.104016102,"data":"  step  1475  loss 0.1014   1.10 steps/s  eta   8.0 min\n"}
,{"stream_name":"stdout","time":1443.526321896,"data":"  step  1500  loss 0.1076   1.10 steps/s  eta   7.6 min\n"}
,{"stream_name":"stdout","time":1443.729017375,"data":"  step  1500  loss 0.1076   1.10 steps/s  eta   7.6 min\n"}
,{"stream_name":"stdout","time":1466.218472769,"data":"  step  1525  loss 0.1050   1.10 steps/s  eta   7.2 min\n"}
,{"stream_name":"stdout","time":1466.431223452,"data":"  step  1525  loss 0.1050   1.10 steps/s  eta   7.2 min\n"}
,{"stream_name":"stdout","time":1488.741656968,"data":"  step  1550  loss 0.1009   1.10 steps/s  eta   6.8 min\n"}
,{"stream_name":"stdout","time":1488.94396915,"data":"  step  1550  loss 0.1009   1.10 steps/s  eta   6.8 min\n"}
,{"stream_name":"stdout","time":1511.873899199,"data":"  step  1575  loss 0.0951   1.10 steps/s  eta   6.4 min\n"}
,{"stream_name":"stdout","time":1512.084696333,"data":"  step  1575  loss 0.0951   1.10 steps/s  eta   6.4 min\n"}
,{"stream_name":"stdout","time":1534.784784812,"data":"  step  1600  loss 0.0952   1.10 steps/s  eta   6.1 min\n"}
,{"stream_name":"stdout","time":1534.987087192,"data":"  step  1600  loss 0.0952   1.10 steps/s  eta   6.1 min\n"}
,{"stream_name":"stdout","time":1557.483045241,"data":"  step  1625  loss 0.0971   1.10 steps/s  eta   5.7 min\n"}
,{"stream_name":"stdout","time":1557.693698027,"data":"  step  1625  loss 0.0971   1.10 steps/s  eta   5.7 min\n"}
,{"stream_name":"stdout","time":1580.341185537,"data":"  step  1650  loss 0.1009   1.10 steps/s  eta   5.3 min\n"}
,{"stream_name":"stdout","time":1580.543313498,"data":"  step  1650  loss 0.1009   1.10 steps/s  eta   5.3 min\n"}
,{"stream_name":"stdout","time":1602.965833777,"data":"  step  1675  loss 0.1006   1.10 steps/s  eta   4.9 min\n"}
,{"stream_name":"stdout","time":1603.176377585,"data":"  step  1675  loss 0.1006   1.10 steps/s  eta   4.9 min\n"}
,{"stream_name":"stdout","time":1625.588676002,"data":"  step  1700  loss 0.0970   1.10 steps/s  eta   4.5 min\n"}
,{"stream_name":"stdout","time":1625.791853773,"data":"  step  1700  loss 0.0970   1.10 steps/s  eta   4.5 min\n"}
,{"stream_name":"stdout","time":1648.445888053,"data":"  step  1725  loss 0.1059   1.10 steps/s  eta   4.2 min\n"}
,{"stream_name":"stdout","time":1648.656331974,"data":"  step  1725  loss 0.1059   1.10 steps/s  eta   4.2 min\n"}
,{"stream_name":"stdout","time":1671.131572854,"data":"  step  1750  loss 0.1087   1.10 steps/s  eta   3.8 min\n"}
,{"stream_name":"stdout","time":1671.333842805,"data":"  step  1750  loss 0.1087   1.10 steps/s  eta   3.8 min\n"}
,{"stream_name":"stdout","time":1693.823941063,"data":"  step  1775  loss 0.0989   1.10 steps/s  eta   3.4 min\n"}
,{"stream_name":"stdout","time":1694.031279395,"data":"  step  1775  loss 0.0989   1.10 steps/s  eta   3.4 min\n"}
,{"stream_name":"stdout","time":1716.304350055,"data":"  step  1800  loss 0.0988   1.10 steps/s  eta   3.0 min\n"}
,{"stream_name":"stdout","time":1716.506890028,"data":"  step  1800  loss 0.0988   1.10 steps/s  eta   3.0 min\n"}
,{"stream_name":"stdout","time":1739.020860693,"data":"  step  1825  loss 0.0958   1.10 steps/s  eta   2.7 min\n"}
,{"stream_name":"stdout","time":1739.227777935,"data":"  step  1825  loss 0.0958   1.10 steps/s  eta   2.7 min\n"}
,{"stream_name":"stdout","time":1761.985714601,"data":"  step  1850  loss 0.0956   1.10 steps/s  eta   2.3 min\n"}
,{"stream_name":"stdout","time":1762.187814232,"data":"  step  1850  loss 0.0956   1.10 steps/s  eta   2.3 min\n"}
,{"stream_name":"stdout","time":1784.662795549,"data":"  step  1875  loss 0.0970   1.10 steps/s  eta   1.9 min\n"}
,{"stream_name":"stdout","time":1784.870113942,"data":"  step  1875  loss 0.0970   1.10 steps/s  eta   1.9 min\n"}
,{"stream_name":"stdout","time":1807.45143053,"data":"  step  1900  loss 0.0966   1.10 steps/s  eta   1.5 min\n"}
,{"stream_name":"stdout","time":1807.653669391,"data":"  step  1900  loss 0.0966   1.10 steps/s  eta   1.5 min\n"}
,{"stream_name":"stdout","time":1830.294233286,"data":"  step  1925  loss 0.0946   1.10 steps/s  eta   1.1 min\n"}
,{"stream_name":"stdout","time":1830.501590348,"data":"  step  1925  loss 0.0946   1.10 steps/s  eta   1.1 min\n"}
,{"stream_name":"stdout","time":1852.941250818,"data":"  step  1950  loss 0.0979   1.10 steps/s  eta   0.8 min\n"}
,{"stream_name":"stdout","time":1853.143976497,"data":"  step  1950  loss 0.0979   1.10 steps/s  eta   0.8 min\n"}
,{"stream_name":"stdout","time":1875.494070979,"data":"  step  1975  loss 0.1106   1.10 steps/s  eta   0.4 min\n"}
,{"stream_name":"stdout","time":1875.701597726,"data":"  step  1975  loss 0.1106   1.10 steps/s  eta   0.4 min\n"}
,{"stream_name":"stdout","time":1898.04768821,"data":"  step  2000  loss 0.1028   1.10 steps/s  eta   0.0 min\n"}
,{"stream_name":"stdout","time":1898.243277227,"data":"\n"}
,{"stream_name":"stdout","time":1898.243305117,"data":"2000 steps in 30.3 min, now at step 2000\n"}
,{"stream_name":"stdout","time":1898.243310733,"data":"training loss 0.0973 -\u003e 0.0751\n"}
,{"stream_name":"stdout","time":1898.243315626,"data":"⚑ that number is NOT a result -- a class-weighted loss falls when the head gets more\n"}
,{"stream_name":"stdout","time":1898.243320875,"data":"  confident on the weighted classes, correct or not. Score it:\n"}
,{"stream_name":"stdout","time":1898.24333019,"data":"\n"}
,{"stream_name":"stdout","time":1898.243333972,"data":"  python scripts/frnet_eval.py --seq 08 --frames 200 --checkpoint /kaggle/working/ckpt/backbone-lowlr.pth\n"}
,{"stream_name":"stdout","time":1898.243337488,"data":"  python scripts/frnet_eval.py --seq 08 --frames 200  # the baseline, same 200 frames\n"}
,{"stream_name":"stdout","time":1898.243340709,"data":"\n"}
,{"stream_name":"stdout","time":1898.243343616,"data":"wrote /kaggle/working/ckpt/backbone-lowlr.pth\n"}
,{"stream_name":"stdout","time":1898.250033321,"data":"  step  2000  loss 0.1028   1.10 steps/s  eta   0.0 min\n"}
,{"stream_name":"stdout","time":1898.250060101,"data":"\n"}
,{"stream_name":"stdout","time":1898.250064577,"data":"2000 steps in 30.3 min, now at step 2000\n"}
,{"stream_name":"stdout","time":1898.250068276,"data":"training loss 0.0973 -\u003e 0.0751\n"}
,{"stream_name":"stdout","time":1898.250072177,"data":"⚑ that number is NOT a result -- a class-weighted loss falls when the head gets more\n"}
,{"stream_name":"stdout","time":1898.25008541,"data":"  confident on the weighted classes, correct or not. Score it:\n"}
,{"stream_name":"stdout","time":1898.250088436,"data":"\n"}
,{"stream_name":"stdout","time":1898.250090954,"data":"  python scripts/frnet_eval.py --seq 08 --frames 200 --checkpoint /kaggle/working/ckpt/backbone-lowlr.pth\n"}
,{"stream_name":"stdout","time":1898.250093623,"data":"  python scripts/frnet_eval.py --seq 08 --frames 200  # the baseline, same 200 frames\n"}
,{"stream_name":"stdout","time":1898.250096414,"data":"\n"}
,{"stream_name":"stdout","time":1898.250114614,"data":"wrote /kaggle/working/ckpt/backbone-lowlr.pth\n"}
,{"stream_name":"stdout","time":1948.426570883,"data":"verifying on cuda: 20,000 rows x 64 ch into 4,000 slots (28 empty)\n"}
,{"stream_name":"stdout","time":1948.42660595,"data":"  scatter_max   forward  max abs diff 0.000e+00 (0.0 ulp), 0 of 254,208 values differ, empty-slot convention matches\n"}
,{"stream_name":"stdout","time":1948.426611821,"data":"  scatter_mean  forward  max abs diff 2.384e-07 (2.0 ulp), 105,265 of 256,000 values differ, empty-slot convention matches\n"}
,{"stream_name":"stdout","time":1948.426616577,"data":"  scatter_max   backward max abs diff 0.000e+00\n"}
,{"stream_name":"stdout","time":1948.426620918,"data":"  scatter_mean  backward max abs diff 2.384e-07 (2.0 ulp on 17,393 of 20,000 rows, the same float32 rounding as the forward)\n"}
,{"stream_name":"stdout","time":1948.426625685,"data":"  verified: scatter_max exact in both directions, scatter_mean within float32 rounding\n"}
,{"stream_name":"stdout","time":1948.42662985,"data":"\n"}
,{"stream_name":"stdout","time":1948.426634087,"data":"fast-scatter ENABLED in frustum_encoder, frnet_backbone (scatter_max) and frustum_encoder (scatter_mean)\n"}
,{"stream_name":"stdout","time":1948.426638426,"data":"backbone-lowlr.pth on cuda: 0 missing, 0 unexpected tensors (auxiliary heads are training-only)\n"}
,{"stream_name":"stdout","time":1948.426643229,"data":"\n"}
,{"stream_name":"stdout","time":1948.426647474,"data":"sequence 08, 200 frames, 22,741,893 labelled points\n"}
,{"stream_name":"stdout","time":1948.426652239,"data":"  reductions                torch.scatter_reduce (--fast-scatter)\n"}
,{"stream_name":"stdout","time":1948.426656896,"data":"  point accuracy             90.4%\n"}
,{"stream_name":"stdout","time":1948.426660892,"data":"  mIoU over 15 present classes   65.2%   (paper: 73.3% over all 4,071 frames)\n"}
,{"stream_name":"stdout","time":1948.426665164,"data":"\n"}
,{"stream_name":"stdout","time":1948.426669166,"data":"  class                IoU     gt points\n"}
,{"stream_name":"stdout","time":1948.426673497,"data":"  --------------------------------------\n"}
,{"stream_name":"stdout","time":1948.426678516,"data":"  car               97.9%     1,084,071\n"}
,{"stream_name":"stdout","time":1948.426682971,"data":"  road              97.3%     5,405,752\n"}
,{"stream_name":"stdout","time":1948.426687845,"data":"  bicyclist         91.5%        42,226\n"}
,{"stream_name":"stdout","time":1948.426692066,"data":"  sidewalk          89.1%     3,686,809\n"}
,{"stream_name":"stdout","time":1948.426696288,"data":"  building          88.1%     1,412,463\n"}
,{"stream_name":"stdout","time":1948.426701487,"data":"  trunk             76.5%       554,564\n"}
,{"stream_name":"stdout","time":1948.426706148,"data":"  terrain           74.6%     6,181,325\n"}
,{"stream_name":"stdout","time":1948.426711163,"data":"  vegetation        71.1%     4,073,074\n"}
,{"stream_name":"stdout","time":1948.426716096,"data":"  person            70.3%        33,383\n"}
,{"stream_name":"stdout","time":1948.426720573,"data":"  pole              56.9%        74,733\n"}
,{"stream_name":"stdout","time":1948.426734715,"data":"  bicycle           48.3%         6,899\n"}
,{"stream_name":"stdout","time":1948.426738329,"data":"  parking           47.1%        36,453\n"}
,{"stream_name":"stdout","time":1948.42674323,"data":"  traffic-sign      40.4%        83,161\n"}
,{"stream_name":"stdout","time":1948.42675117,"data":"  fence             28.6%        66,830\n"}
,{"stream_name":"stdout","time":1948.426753687,"data":"  other-ground       0.0%           150\n"}
,{"stream_name":"stdout","time":1948.426755992,"data":"\n"}
,{"stream_name":"stdout","time":1948.426758189,"data":"  no ground truth in this slice, excluded: motorcycle, truck, other-vehicle, motorcyclist\n"}
,{"stream_name":"stdout","time":1948.426760561,"data":"\n"}
,{"stream_name":"stdout","time":1948.426762719,"data":"  §7.1 drivable set only: mIoU 61.6% over 5 classes -- the only ones the map consults\n"}
,{"stream_name":"stdout","time":1948.636385612,"data":"verifying on cuda: 20,000 rows x 64 ch into 4,000 slots (28 empty)\n"}
,{"stream_name":"stdout","time":1948.636414336,"data":"  scatter_max   forward  max abs diff 0.000e+00 (0.0 ulp), 0 of 254,208 values differ, empty-slot convention matches\n"}
,{"stream_name":"stdout","time":1948.636420058,"data":"  scatter_mean  forward  max abs diff 2.384e-07 (2.0 ulp), 105,265 of 256,000 values differ, empty-slot convention matches\n"}
,{"stream_name":"stdout","time":1948.636424963,"data":"  scatter_max   backward max abs diff 0.000e+00\n"}
,{"stream_name":"stdout","time":1948.636429359,"data":"  scatter_mean  backward max abs diff 2.384e-07 (2.0 ulp on 17,393 of 20,000 rows, the same float32 rounding as the forward)\n"}
,{"stream_name":"stdout","time":1948.636434219,"data":"  verified: scatter_max exact in both directions, scatter_mean within float32 rounding\n"}
,{"stream_name":"stdout","time":1948.636438808,"data":"\n"}
,{"stream_name":"stdout","time":1948.636442982,"data":"fast-scatter ENABLED in frustum_encoder, frnet_backbone (scatter_max) and frustum_encoder (scatter_mean)\n"}
,{"stream_name":"stdout","time":1948.636447578,"data":"backbone-lowlr.pth on cuda: 0 missing, 0 unexpected tensors (auxiliary heads are training-only)\n"}
,{"stream_name":"stdout","time":1948.63645206,"data":"\n"}
,{"stream_name":"stdout","time":1948.63645618,"data":"sequence 08, 200 frames, 22,741,893 labelled points\n"}
,{"stream_name":"stdout","time":1948.6364606,"data":"  reductions                torch.scatter_reduce (--fast-scatter)\n"}
,{"stream_name":"stdout","time":1948.636465028,"data":"  point accuracy             90.4%\n"}
,{"stream_name":"stdout","time":1948.636469403,"data":"  mIoU over 15 present classes   65.2%   (paper: 73.3% over all 4,071 frames)\n"}
,{"stream_name":"stdout","time":1948.636473854,"data":"\n"}
,{"stream_name":"stdout","time":1948.636477942,"data":"  class                IoU     gt points\n"}
,{"stream_name":"stdout","time":1948.636482265,"data":"  --------------------------------------\n"}
,{"stream_name":"stdout","time":1948.636486548,"data":"  car               97.9%     1,084,071\n"}
,{"stream_name":"stdout","time":1948.636490862,"data":"  road              97.3%     5,405,752\n"}
,{"stream_name":"stdout","time":1948.636495181,"data":"  bicyclist         91.5%        42,226\n"}
,{"stream_name":"stdout","time":1948.636499517,"data":"  sidewalk          89.1%     3,686,809\n"}
,{"stream_name":"stdout","time":1948.636504001,"data":"  building          88.1%     1,412,463\n"}
,{"stream_name":"stdout","time":1948.636508346,"data":"  trunk             76.5%       554,564\n"}
,{"stream_name":"stdout","time":1948.636512605,"data":"  terrain           74.6%     6,181,325\n"}
,{"stream_name":"stdout","time":1948.636516894,"data":"  vegetation        71.1%     4,073,074\n"}
,{"stream_name":"stdout","time":1948.636532774,"data":"  person            70.3%        33,383\n"}
,{"stream_name":"stdout","time":1948.636537165,"data":"  pole              56.9%        74,733\n"}
,{"stream_name":"stdout","time":1948.636541449,"data":"  bicycle           48.3%         6,899\n"}
,{"stream_name":"stdout","time":1948.636545649,"data":"  parking           47.1%        36,453\n"}
,{"stream_name":"stdout","time":1948.636549974,"data":"  traffic-sign      40.4%        83,161\n"}
,{"stream_name":"stdout","time":1948.636554292,"data":"  fence             28.6%        66,830\n"}
,{"stream_name":"stdout","time":1948.636558574,"data":"  other-ground       0.0%           150\n"}
,{"stream_name":"stdout","time":1948.636562851,"data":"\n"}
,{"stream_name":"stdout","time":1948.636567003,"data":"  no ground truth in this slice, excluded: motorcycle, truck, other-vehicle, motorcyclist\n"}
,{"stream_name":"stdout","time":1948.636571523,"data":"\n"}
,{"stream_name":"stdout","time":1948.636575453,"data":"  §7.1 drivable set only: mIoU 61.6% over 5 classes -- the only ones the map consults\n"}
,{"stream_name":"stdout","time":1951.17938407,"data":"verifying on cuda: 20,000 rows x 64 ch into 4,000 slots (28 empty)\n"}
,{"stream_name":"stdout","time":1951.383239204,"data":"verifying on cuda: 20,000 rows x 64 ch into 4,000 slots (28 empty)\n"}
,{"stream_name":"stdout","time":1952.647455234,"data":"  scatter_max   forward  max abs diff 0.000e+00 (0.0 ulp), 0 of 254,208 values differ, empty-slot convention matches\n"}
,{"stream_name":"stdout","time":1952.648290153,"data":"  scatter_mean  forward  max abs diff 2.384e-07 (2.0 ulp), 105,131 of 256,000 values differ, empty-slot convention matches\n"}
,{"stream_name":"stdout","time":1952.849466432,"data":"  scatter_max   forward  max abs diff 0.000e+00 (0.0 ulp), 0 of 254,208 values differ, empty-slot convention matches\n"}
,{"stream_name":"stdout","time":1952.849507654,"data":"  scatter_mean  forward  max abs diff 2.384e-07 (2.0 ulp), 105,131 of 256,000 values differ, empty-slot convention matches\n"}
,{"stream_name":"stdout","time":1954.646833031,"data":"  scatter_max   backward max abs diff 0.000e+00\n"}
,{"stream_name":"stdout","time":1954.849022924,"data":"  scatter_max   backward max abs diff 0.000e+00\n"}
,{"stream_name":"stdout","time":1956.293274825,"data":"  scatter_mean  backward max abs diff 2.384e-07 (2.0 ulp on 17,377 of 20,000 rows, the same float32 rounding as the forward)\n"}
,{"stream_name":"stdout","time":1956.293306953,"data":"  verified: scatter_max exact in both directions, scatter_mean within float32 rounding\n"}
,{"stream_name":"stdout","time":1956.293313773,"data":"\n"}
,{"stream_name":"stdout","time":1956.293348013,"data":"fast-scatter ENABLED in frustum_encoder, frnet_backbone (scatter_max) and frustum_encoder (scatter_mean)\n"}
,{"stream_name":"stdout","time":1956.305125524,"data":"device cuda, holding out sequence 08\n"}
,{"stream_name":"stdout","time":1956.305142715,"data":"indexing training frames:\n"}
,{"stream_name":"stdout","time":1956.495299643,"data":"  scatter_mean  backward max abs diff 2.384e-07 (2.0 ulp on 17,377 of 20,000 rows, the same float32 rounding as the forward)\n"}
,{"stream_name":"stdout","time":1956.495325834,"data":"  verified: scatter_max exact in both directions, scatter_mean within float32 rounding\n"}
,{"stream_name":"stdout","time":1956.495332261,"data":"\n"}
,{"stream_name":"stdout","time":1956.495337401,"data":"fast-scatter ENABLED in frustum_encoder, frnet_backbone (scatter_max) and frustum_encoder (scatter_mean)\n"}
,{"stream_name":"stdout","time":1956.495342072,"data":"device cuda, holding out sequence 08\n"}
,{"stream_name":"stdout","time":1956.495346642,"data":"indexing training frames:\n"}
,{"stream_name":"stdout","time":1963.215408928,"data":"  sequence 00:  4541 labelled frames\n"}
,{"stream_name":"stdout","time":1963.417714176,"data":"  sequence 00:  4541 labelled frames\n"}
,{"stream_name":"stdout","time":1964.968967901,"data":"  sequence 01:  1101 labelled frames\n"}
,{"stream_name":"stdout","time":1965.171112835,"data":"  sequence 01:  1101 labelled frames\n"}
,{"stream_name":"stdout","time":1972.477267192,"data":"  sequence 02:  4661 labelled frames\n"}
,{"stream_name":"stdout","time":1972.67950164,"data":"  sequence 02:  4661 labelled frames\n"}
,{"stream_name":"stdout","time":1973.760908388,"data":"  sequence 03:   801 labelled frames\n"}
,{"stream_name":"stdout","time":1973.963144515,"data":"  sequence 03:   801 labelled frames\n"}
,{"stream_name":"stdout","time":1974.201747323,"data":"  sequence 04:   271 labelled frames\n"}
,{"stream_name":"stdout","time":1974.404012663,"data":"  sequence 04:   271 labelled frames\n"}
,{"stream_name":"stdout","time":1978.682268883,"data":"  sequence 05:  2761 labelled frames\n"}
,{"stream_name":"stdout","time":1978.884668351,"data":"  sequence 05:  2761 labelled frames\n"}
,{"stream_name":"stdout","time":1980.589740577,"data":"  sequence 06:  1101 labelled frames\n"}
,{"stream_name":"stdout","time":1980.79964494,"data":"  sequence 06:  1101 labelled frames\n"}
,{"stream_name":"stdout","time":1982.342003713,"data":"  sequence 07:  1101 labelled frames\n"}
,{"stream_name":"stdout","time":1982.54435538,"data":"  sequence 07:  1101 labelled frames\n"}
,{"stream_name":"stdout","time":1984.864129659,"data":"  sequence 09:  1591 labelled frames\n"}
,{"stream_name":"stdout","time":1985.066571087,"data":"  sequence 09:  1591 labelled frames\n"}
,{"stream_name":"stdout","time":1986.690446817,"data":"  sequence 10:  1201 labelled frames\n"}
,{"stream_name":"stdout","time":1986.690729464,"data":"  19,130 frames over 10 sequences\n"}
,{"stream_name":"stdout","time":1986.690751726,"data":"\n"}
,{"stream_name":"stdout","time":1986.850709959,"data":"init from frnet-semantickitti_seg.pth: 0 missing, 8 unexpected (auxiliary heads are training-only and correctly unused)\n"}
,{"stream_name":"stdout","time":1986.878364955,"data":"unfreeze=head+backbone: 9,906,964 of 10,019,252 parameters trainable (98.9%)\n"}
,{"stream_name":"stdout","time":1986.878518333,"data":"class weights: 3.0x on (none), 1.0 elsewhere\n"}
,{"stream_name":"stdout","time":1986.892683054,"data":"  sequence 10:  1201 labelled frames\n"}
,{"stream_name":"stdout","time":1986.892700959,"data":"  19,130 frames over 10 sequences\n"}
,{"stream_name":"stdout","time":1986.892706512,"data":"\n"}
,{"stream_name":"stdout","time":1986.892711626,"data":"init from frnet-semantickitti_seg.pth: 0 missing, 8 unexpected (auxiliary heads are training-only and correctly unused)\n"}
,{"stream_name":"stdout","time":1986.892716826,"data":"unfreeze=head+backbone: 9,906,964 of 10,019,252 parameters trainable (98.9%)\n"}
,{"stream_name":"stdout","time":1986.892736014,"data":"class weights: 3.0x on (none), 1.0 elsewhere\n"}
,{"stream_name":"stdout","time":1987.914200958,"data":"\n"}
,{"stream_name":"stdout","time":1987.914226604,"data":"training 2000 steps, batch 2, lr 0.0001\n"}
,{"stream_name":"stdout","time":1987.914231883,"data":"\n"}
,{"stream_name":"stdout","time":1988.116952365,"data":"\n"}
,{"stream_name":"stdout","time":1988.11700412,"data":"training 2000 steps, batch 2, lr 0.0001\n"}
,{"stream_name":"stdout","time":1988.117028448,"data":"\n"}
,{"stream_name":"stdout","time":2009.906084524,"data":"  step    25  loss 0.1137   1.14 steps/s  eta  29.0 min\n"}
,{"stream_name":"stdout","time":2010.108541319,"data":"  step    25  loss 0.1137   1.14 steps/s  eta  29.0 min\n"}
,{"stream_name":"stdout","time":2033.348884658,"data":"  step    50  loss 0.1088   1.10 steps/s  eta  29.5 min\n"}
,{"stream_name":"stdout","time":2033.557587917,"data":"  step    50  loss 0.1088   1.10 steps/s  eta  29.5 min\n"}
,{"stream_name":"stdout","time":2054.664813689,"data":"  step    75  loss 0.1067   1.12 steps/s  eta  28.6 min\n"}
,{"stream_name":"stdout","time":2054.86719063,"data":"  step    75  loss 0.1067   1.12 steps/s  eta  28.6 min\n"}
,{"stream_name":"stdout","time":2075.299071374,"data":"  step   100  loss 0.1174   1.14 steps/s  eta  27.7 min\n"}
,{"stream_name":"stdout","time":2075.507516216,"data":"  step   100  loss 0.1174   1.14 steps/s  eta  27.7 min\n"}
,{"stream_name":"stdout","time":2096.915464641,"data":"  step   125  loss 0.0988   1.15 steps/s  eta  27.3 min\n"}
,{"stream_name":"stdout","time":2097.118247572,"data":"  step   125  loss 0.0988   1.15 steps/s  eta  27.3 min\n"}
,{"stream_name":"stdout","time":2119.216625851,"data":"  step   150  loss 0.0969   1.14 steps/s  eta  27.0 min\n"}
,{"stream_name":"stdout","time":2119.425512527,"data":"  step   150  loss 0.0969   1.14 steps/s  eta  27.0 min\n"}
,{"stream_name":"stdout","time":2140.350466475,"data":"  step   175  loss 0.1026   1.15 steps/s  eta  26.5 min\n"}
,{"stream_name":"stdout","time":2140.55285836,"data":"  step   175  loss 0.1026   1.15 steps/s  eta  26.5 min\n"}
,{"stream_name":"stdout","time":2161.248279995,"data":"  step   200  loss 0.1030   1.15 steps/s  eta  26.0 min\n"}
,{"stream_name":"stdout","time":2161.461126701,"data":"  step   200  loss 0.1030   1.15 steps/s  eta  26.0 min\n"}
,{"stream_name":"stdout","time":2182.948226288,"data":"  step   225  loss 0.1033   1.15 steps/s  eta  25.6 min\n"}
,{"stream_name":"stdout","time":2183.150639319,"data":"  step   225  loss 0.1033   1.15 steps/s  eta  25.6 min\n"}
,{"stream_name":"stdout","time":2204.703213567,"data":"  step   250  loss 0.0949   1.15 steps/s  eta  25.3 min\n"}
,{"stream_name":"stdout","time":2204.911798408,"data":"  step   250  loss 0.0949   1.15 steps/s  eta  25.3 min\n"}
,{"stream_name":"stdout","time":2226.141462821,"data":"  step   275  loss 0.1062   1.15 steps/s  eta  24.9 min\n"}
,{"stream_name":"stdout","time":2226.343894486,"data":"  step   275  loss 0.1062   1.15 steps/s  eta  24.9 min\n"}
,{"stream_name":"stdout","time":2247.674323822,"data":"  step   300  loss 0.0940   1.15 steps/s  eta  24.5 min\n"}
,{"stream_name":"stdout","time":2247.883239205,"data":"  step   300  loss 0.0940   1.15 steps/s  eta  24.5 min\n"}
,{"stream_name":"stdout","time":2269.402863456,"data":"  step   325  loss 0.1055   1.15 steps/s  eta  24.2 min\n"}
,{"stream_name":"stdout","time":2269.605044689,"data":"  step   325  loss 0.1055   1.15 steps/s  eta  24.2 min\n"}
,{"stream_name":"stdout","time":2291.13621941,"data":"  step   350  loss 0.0999   1.15 steps/s  eta  23.8 min\n"}
,{"stream_name":"stdout","time":2291.345001792,"data":"  step   350  loss 0.0999   1.15 steps/s  eta  23.8 min\n"}
,{"stream_name":"stdout","time":2312.693575769,"data":"  step   375  loss 0.1096   1.15 steps/s  eta  23.5 min\n"}
,{"stream_name":"stdout","time":2312.895671974,"data":"  step   375  loss 0.1096   1.15 steps/s  eta  23.5 min\n"}
,{"stream_name":"stdout","time":2334.051404476,"data":"  step   400  loss 0.1028   1.16 steps/s  eta  23.1 min\n"}
,{"stream_name":"stdout","time":2334.265483967,"data":"  step   400  loss 0.1028   1.16 steps/s  eta  23.1 min\n"}
,{"stream_name":"stdout","time":2355.593194742,"data":"  step   425  loss 0.0998   1.16 steps/s  eta  22.7 min\n"}
,{"stream_name":"stdout","time":2355.795795136,"data":"  step   425  loss 0.0998   1.16 steps/s  eta  22.7 min\n"}
,{"stream_name":"stdout","time":2377.269881882,"data":"  step   450  loss 0.1076   1.16 steps/s  eta  22.4 min\n"}
,{"stream_name":"stdout","time":2377.484465254,"data":"  step   450  loss 0.1076   1.16 steps/s  eta  22.4 min\n"}
,{"stream_name":"stdout","time":2398.933105084,"data":"  step   475  loss 0.1086   1.16 steps/s  eta  22.0 min\n"}
,{"stream_name":"stdout","time":2399.135543892,"data":"  step   475  loss 0.1086   1.16 steps/s  eta  22.0 min\n"}
,{"stream_name":"stdout","time":2420.733463474,"data":"  step   500  loss 0.1151   1.16 steps/s  eta  21.6 min\n"}
,{"stream_name":"stdout","time":2420.94267924,"data":"  step   500  loss 0.1151   1.16 steps/s  eta  21.6 min\n"}
,{"stream_name":"stdout","time":2442.308645243,"data":"  step   525  loss 0.0991   1.16 steps/s  eta  21.3 min\n"}
,{"stream_name":"stdout","time":2442.511217934,"data":"  step   525  loss 0.0991   1.16 steps/s  eta  21.3 min\n"}
,{"stream_name":"stdout","time":2463.757507125,"data":"  step   550  loss 0.1037   1.16 steps/s  eta  20.9 min\n"}
,{"stream_name":"stdout","time":2463.966808204,"data":"  step   550  loss 0.1037   1.16 steps/s  eta  20.9 min\n"}
,{"stream_name":"stdout","time":2485.264628879,"data":"  step   575  loss 0.1208   1.16 steps/s  eta  20.5 min\n"}
,{"stream_name":"stdout","time":2485.46694715,"data":"  step   575  loss 0.1208   1.16 steps/s  eta  20.5 min\n"}
,{"stream_name":"stdout","time":2506.829427188,"data":"  step   600  loss 0.1091   1.16 steps/s  eta  20.2 min\n"}
,{"stream_name":"stdout","time":2507.042959955,"data":"  step   600  loss 0.1091   1.16 steps/s  eta  20.2 min\n"}
,{"stream_name":"stdout","time":2528.360074933,"data":"  step   625  loss 0.1086   1.16 steps/s  eta  19.8 min\n"}
,{"stream_name":"stdout","time":2528.562815667,"data":"  step   625  loss 0.1086   1.16 steps/s  eta  19.8 min\n"}
,{"stream_name":"stdout","time":2549.923151006,"data":"  step   650  loss 0.1071   1.16 steps/s  eta  19.5 min\n"}
,{"stream_name":"stdout","time":2550.132313551,"data":"  step   650  loss 0.1071   1.16 steps/s  eta  19.5 min\n"}
,{"stream_name":"stdout","time":2571.380738714,"data":"  step   675  loss 0.0980   1.16 steps/s  eta  19.1 min\n"}
,{"stream_name":"stdout","time":2571.58172929,"data":"  step   675  loss 0.0980   1.16 steps/s  eta  19.1 min\n"}
,{"stream_name":"stdout","time":2593.020107803,"data":"  step   700  loss 0.1030   1.16 steps/s  eta  18.7 min\n"}
,{"stream_name":"stdout","time":2593.234400235,"data":"  step   700  loss 0.1030   1.16 steps/s  eta  18.7 min\n"}
,{"stream_name":"stdout","time":2614.283720283,"data":"  step   725  loss 0.1083   1.16 steps/s  eta  18.4 min\n"}
,{"stream_name":"stdout","time":2614.485807499,"data":"  step   725  loss 0.1083   1.16 steps/s  eta  18.4 min\n"}
,{"stream_name":"stdout","time":2635.791010991,"data":"  step   750  loss 0.1035   1.16 steps/s  eta  18.0 min\n"}
,{"stream_name":"stdout","time":2636.000426258,"data":"  step   750  loss 0.1035   1.16 steps/s  eta  18.0 min\n"}
,{"stream_name":"stdout","time":2657.565728533,"data":"  step   775  loss 0.0987   1.16 steps/s  eta  17.6 min\n"}
,{"stream_name":"stdout","time":2657.768576291,"data":"  step   775  loss 0.0987   1.16 steps/s  eta  17.6 min\n"}
,{"stream_name":"stdout","time":2679.138919806,"data":"  step   800  loss 0.1111   1.16 steps/s  eta  17.3 min\n"}
,{"stream_name":"stdout","time":2679.353992628,"data":"  step   800  loss 0.1111   1.16 steps/s  eta  17.3 min\n"}
,{"stream_name":"stdout","time":2700.637845239,"data":"  step   825  loss 0.1075   1.16 steps/s  eta  16.9 min\n"}
,{"stream_name":"stdout","time":2700.840237355,"data":"  step   825  loss 0.1075   1.16 steps/s  eta  16.9 min\n"}
,{"stream_name":"stdout","time":2722.282109738,"data":"  step   850  loss 0.1144   1.16 steps/s  eta  16.6 min\n"}
,{"stream_name":"stdout","time":2722.492492286,"data":"  step   850  loss 0.1144   1.16 steps/s  eta  16.6 min\n"}
,{"stream_name":"stdout","time":2744.004409366,"data":"  step   875  loss 0.1086   1.16 steps/s  eta  16.2 min\n"}
,{"stream_name":"stdout","time":2744.207053804,"data":"  step   875  loss 0.1086   1.16 steps/s  eta  16.2 min\n"}
,{"stream_name":"stdout","time":2765.523512197,"data":"  step   900  loss 0.1010   1.16 steps/s  eta  15.8 min\n"}
,{"stream_name":"stdout","time":2765.741136134,"data":"  step   900  loss 0.1010   1.16 steps/s  eta  15.8 min\n"}
,{"stream_name":"stdout","time":2787.075321909,"data":"  step   925  loss 0.0905   1.16 steps/s  eta  15.5 min\n"}
,{"stream_name":"stdout","time":2787.277965653,"data":"  step   925  loss 0.0905   1.16 steps/s  eta  15.5 min\n"}
,{"stream_name":"stdout","time":2808.631803331,"data":"  step   950  loss 0.0980   1.16 steps/s  eta  15.1 min\n"}
,{"stream_name":"stdout","time":2808.847574811,"data":"  step   950  loss 0.0980   1.16 steps/s  eta  15.1 min\n"}
,{"stream_name":"stdout","time":2830.000684382,"data":"  step   975  loss 0.0941   1.16 steps/s  eta  14.8 min\n"}
,{"stream_name":"stdout","time":2830.203590726,"data":"  step   975  loss 0.0941   1.16 steps/s  eta  14.8 min\n"}
,{"stream_name":"stdout","time":2851.419809146,"data":"  step  1000  loss 0.1060   1.16 steps/s  eta  14.4 min\n"}
,{"stream_name":"stdout","time":2851.62917301,"data":"  step  1000  loss 0.1060   1.16 steps/s  eta  14.4 min\n"}
,{"stream_name":"stdout","time":2872.968412526,"data":"  step  1025  loss 0.0964   1.16 steps/s  eta  14.0 min\n"}
,{"stream_name":"stdout","time":2873.170586281,"data":"  step  1025  loss 0.0964   1.16 steps/s  eta  14.0 min\n"}
,{"stream_name":"stdout","time":2894.721215635,"data":"  step  1050  loss 0.0975   1.16 steps/s  eta  13.7 min\n"}
,{"stream_name":"stdout","time":2894.930607105,"data":"  step  1050  loss 0.0975   1.16 steps/s  eta  13.7 min\n"}
,{"stream_name":"stdout","time":2916.467605923,"data":"  step  1075  loss 0.1047   1.16 steps/s  eta  13.3 min\n"}
,{"stream_name":"stdout","time":2916.66983473,"data":"  step  1075  loss 0.1047   1.16 steps/s  eta  13.3 min\n"}
,{"stream_name":"stdout","time":2938.241748796,"data":"  step  1100  loss 0.1053   1.16 steps/s  eta  13.0 min\n"}
,{"stream_name":"stdout","time":2938.454090196,"data":"  step  1100  loss 0.1053   1.16 steps/s  eta  13.0 min\n"}
,{"stream_name":"stdout","time":2959.913824547,"data":"  step  1125  loss 0.1037   1.16 steps/s  eta  12.6 min\n"}
,{"stream_name":"stdout","time":2960.116376569,"data":"  step  1125  loss 0.1037   1.16 steps/s  eta  12.6 min\n"}
,{"stream_name":"stdout","time":2981.593548709,"data":"  step  1150  loss 0.1141   1.16 steps/s  eta  12.2 min\n"}
,{"stream_name":"stdout","time":2981.803856225,"data":"  step  1150  loss 0.1141   1.16 steps/s  eta  12.2 min\n"}
,{"stream_name":"stdout","time":3003.102379931,"data":"  step  1175  loss 0.0997   1.16 steps/s  eta  11.9 min\n"}
,{"stream_name":"stdout","time":3003.304647227,"data":"  step  1175  loss 0.0997   1.16 steps/s  eta  11.9 min\n"}
,{"stream_name":"stdout","time":3024.730003278,"data":"  step  1200  loss 0.0927   1.16 steps/s  eta  11.5 min\n"}
,{"stream_name":"stdout","time":3024.939915894,"data":"  step  1200  loss 0.0927   1.16 steps/s  eta  11.5 min\n"}
,{"stream_name":"stdout","time":3046.336160647,"data":"  step  1225  loss 0.1008   1.16 steps/s  eta  11.2 min\n"}
,{"stream_name":"stdout","time":3046.538677146,"data":"  step  1225  loss 0.1008   1.16 steps/s  eta  11.2 min\n"}
,{"stream_name":"stdout","time":3067.891956721,"data":"  step  1250  loss 0.1106   1.16 steps/s  eta  10.8 min\n"}
,{"stream_name":"stdout","time":3068.106744203,"data":"  step  1250  loss 0.1106   1.16 steps/s  eta  10.8 min\n"}
,{"stream_name":"stdout","time":3089.490529079,"data":"  step  1275  loss 0.0983   1.16 steps/s  eta  10.4 min\n"}
,{"stream_name":"stdout","time":3089.692884408,"data":"  step  1275  loss 0.0983   1.16 steps/s  eta  10.4 min\n"}
,{"stream_name":"stdout","time":3111.296841444,"data":"  step  1300  loss 0.1274   1.16 steps/s  eta  10.1 min\n"}
,{"stream_name":"stdout","time":3111.5069421,"data":"  step  1300  loss 0.1274   1.16 steps/s  eta  10.1 min\n"}
,{"stream_name":"stdout","time":3132.955457346,"data":"  step  1325  loss 0.1015   1.16 steps/s  eta   9.7 min\n"}
,{"stream_name":"stdout","time":3133.157892985,"data":"  step  1325  loss 0.1015   1.16 steps/s  eta   9.7 min\n"}
,{"stream_name":"stdout","time":3154.540267185,"data":"  step  1350  loss 0.1068   1.16 steps/s  eta   9.4 min\n"}
,{"stream_name":"stdout","time":3154.755249309,"data":"  step  1350  loss 0.1068   1.16 steps/s  eta   9.4 min\n"}
,{"stream_name":"stdout","time":3176.236204249,"data":"  step  1375  loss 0.1068   1.16 steps/s  eta   9.0 min\n"}
,{"stream_name":"stdout","time":3176.438866553,"data":"  step  1375  loss 0.1068   1.16 steps/s  eta   9.0 min\n"}
,{"stream_name":"stdout","time":3197.926035533,"data":"  step  1400  loss 0.1031   1.16 steps/s  eta   8.6 min\n"}
,{"stream_name":"stdout","time":3198.140627224,"data":"  step  1400  loss 0.1031   1.16 steps/s  eta   8.6 min\n"}
,{"stream_name":"stdout","time":3219.560260685,"data":"  step  1425  loss 0.1072   1.16 steps/s  eta   8.3 min\n"}
,{"stream_name":"stdout","time":3219.762729977,"data":"  step  1425  loss 0.1072   1.16 steps/s  eta   8.3 min\n"}
,{"stream_name":"stdout","time":3241.134238674,"data":"  step  1450  loss 0.1017   1.16 steps/s  eta   7.9 min\n"}
,{"stream_name":"stdout","time":3241.344243965,"data":"  step  1450  loss 0.1017   1.16 steps/s  eta   7.9 min\n"}
,{"stream_name":"stdout","time":3262.929745609,"data":"  step  1475  loss 0.1045   1.16 steps/s  eta   7.6 min\n"}
,{"stream_name":"stdout","time":3263.132173611,"data":"  step  1475  loss 0.1045   1.16 steps/s  eta   7.6 min\n"}
,{"stream_name":"stdout","time":3284.642865946,"data":"  step  1500  loss 0.1076   1.16 steps/s  eta   7.2 min\n"}
,{"stream_name":"stdout","time":3284.858404892,"data":"  step  1500  loss 0.1076   1.16 steps/s  eta   7.2 min\n"}
,{"stream_name":"stdout","time":3306.389208802,"data":"  step  1525  loss 0.1030   1.16 steps/s  eta   6.8 min\n"}
,{"stream_name":"stdout","time":3306.591833975,"data":"  step  1525  loss 0.1030   1.16 steps/s  eta   6.8 min\n"}
,{"stream_name":"stdout","time":3327.964121444,"data":"  step  1550  loss 0.1017   1.16 steps/s  eta   6.5 min\n"}
,{"stream_name":"stdout","time":3328.18120974,"data":"  step  1550  loss 0.1017   1.16 steps/s  eta   6.5 min\n"}
,{"stream_name":"stdout","time":3349.738489729,"data":"  step  1575  loss 0.0948   1.16 steps/s  eta   6.1 min\n"}
,{"stream_name":"stdout","time":3349.940747053,"data":"  step  1575  loss 0.0948   1.16 steps/s  eta   6.1 min\n"}
,{"stream_name":"stdout","time":3371.382351235,"data":"  step  1600  loss 0.0966   1.16 steps/s  eta   5.8 min\n"}
,{"stream_name":"stdout","time":3371.592836808,"data":"  step  1600  loss 0.0966   1.16 steps/s  eta   5.8 min\n"}
,{"stream_name":"stdout","time":3393.01098512,"data":"  step  1625  loss 0.1002   1.16 steps/s  eta   5.4 min\n"}
,{"stream_name":"stdout","time":3393.213417847,"data":"  step  1625  loss 0.1002   1.16 steps/s  eta   5.4 min\n"}
,{"stream_name":"stdout","time":3414.760892177,"data":"  step  1650  loss 0.0999   1.16 steps/s  eta   5.0 min\n"}
,{"stream_name":"stdout","time":3414.970886251,"data":"  step  1650  loss 0.0999   1.16 steps/s  eta   5.0 min\n"}
,{"stream_name":"stdout","time":3436.544378992,"data":"  step  1675  loss 0.0994   1.16 steps/s  eta   4.7 min\n"}
,{"stream_name":"stdout","time":3436.746566419,"data":"  step  1675  loss 0.0994   1.16 steps/s  eta   4.7 min\n"}
,{"stream_name":"stdout","time":3458.053438355,"data":"  step  1700  loss 0.0969   1.16 steps/s  eta   4.3 min\n"}
,{"stream_name":"stdout","time":3458.264244683,"data":"  step  1700  loss 0.0969   1.16 steps/s  eta   4.3 min\n"}
,{"stream_name":"stdout","time":3479.875472356,"data":"  step  1725  loss 0.1037   1.16 steps/s  eta   4.0 min\n"}
,{"stream_name":"stdout","time":3480.077568844,"data":"  step  1725  loss 0.1037   1.16 steps/s  eta   4.0 min\n"}
,{"stream_name":"stdout","time":3501.48032956,"data":"  step  1750  loss 0.1000   1.16 steps/s  eta   3.6 min\n"}
,{"stream_name":"stdout","time":3501.69085435,"data":"  step  1750  loss 0.1000   1.16 steps/s  eta   3.6 min\n"}
,{"stream_name":"stdout","time":3523.121222273,"data":"  step  1775  loss 0.1002   1.16 steps/s  eta   3.2 min\n"}
,{"stream_name":"stdout","time":3523.323590252,"data":"  step  1775  loss 0.1002   1.16 steps/s  eta   3.2 min\n"}
,{"stream_name":"stdout","time":3544.556238618,"data":"  step  1800  loss 0.0953   1.16 steps/s  eta   2.9 min\n"}
,{"stream_name":"stdout","time":3544.766583207,"data":"  step  1800  loss 0.0953   1.16 steps/s  eta   2.9 min\n"}
,{"stream_name":"stdout","time":3566.231480513,"data":"  step  1825  loss 0.0955   1.16 steps/s  eta   2.5 min\n"}
,{"stream_name":"stdout","time":3566.433575142,"data":"  step  1825  loss 0.0955   1.16 steps/s  eta   2.5 min\n"}
,{"stream_name":"stdout","time":3587.938935254,"data":"  step  1850  loss 0.0988   1.16 steps/s  eta   2.2 min\n"}
,{"stream_name":"stdout","time":3588.149184245,"data":"  step  1850  loss 0.0988   1.16 steps/s  eta   2.2 min\n"}
,{"stream_name":"stdout","time":3609.633902121,"data":"  step  1875  loss 0.0983   1.16 steps/s  eta   1.8 min\n"}
,{"stream_name":"stdout","time":3609.836365035,"data":"  step  1875  loss 0.0983   1.16 steps/s  eta   1.8 min\n"}
,{"stream_name":"stdout","time":3631.217401737,"data":"  step  1900  loss 0.0960   1.16 steps/s  eta   1.4 min\n"}
,{"stream_name":"stdout","time":3631.439919556,"data":"  step  1900  loss 0.0960   1.16 steps/s  eta   1.4 min\n"}
,{"stream_name":"stdout","time":3652.980997295,"data":"  step  1925  loss 0.0998   1.16 steps/s  eta   1.1 min\n"}
,{"stream_name":"stdout","time":3653.183350054,"data":"  step  1925  loss 0.0998   1.16 steps/s  eta   1.1 min\n"}
,{"stream_name":"stdout","time":3674.476681667,"data":"  step  1950  loss 0.0992   1.16 steps/s  eta   0.7 min\n"}
,{"stream_name":"stdout","time":3674.687527233,"data":"  step  1950  loss 0.0992   1.16 steps/s  eta   0.7 min\n"}
,{"stream_name":"stdout","time":3695.914986833,"data":"  step  1975  loss 0.1106   1.16 steps/s  eta   0.4 min\n"}
,{"stream_name":"stdout","time":3696.117556257,"data":"  step  1975  loss 0.1106   1.16 steps/s  eta   0.4 min\n"}
,{"stream_name":"stdout","time":3717.521888212,"data":"  step  2000  loss 0.1024   1.16 steps/s  eta   0.0 min\n"}
,{"stream_name":"stdout","time":3717.717524894,"data":"\n"}
,{"stream_name":"stdout","time":3717.717567259,"data":"2000 steps in 28.8 min, now at step 2000\n"}
,{"stream_name":"stdout","time":3717.717573099,"data":"training loss 0.0868 -\u003e 0.0950\n"}
,{"stream_name":"stdout","time":3717.717578273,"data":"⚑ that number is NOT a result -- a class-weighted loss falls when the head gets more\n"}
,{"stream_name":"stdout","time":3717.717583559,"data":"  confident on the weighted classes, correct or not. Score it:\n"}
,{"stream_name":"stdout","time":3717.717588428,"data":"\n"}
,{"stream_name":"stdout","time":3717.717606399,"data":"  python scripts/frnet_eval.py --seq 08 --frames 200 --checkpoint /kaggle/working/ckpt/backbone-noclsw.pth\n"}
,{"stream_name":"stdout","time":3717.717609331,"data":"  python scripts/frnet_eval.py --seq 08 --frames 200  # the baseline, same 200 frames\n"}
,{"stream_name":"stdout","time":3717.717611659,"data":"\n"}
,{"stream_name":"stdout","time":3717.717613793,"data":"wrote /kaggle/working/ckpt/backbone-noclsw.pth\n"}
,{"stream_name":"stdout","time":3717.732811426,"data":"  step  2000  loss 0.1024   1.16 steps/s  eta   0.0 min\n"}
,{"stream_name":"stdout","time":3717.732831377,"data":"\n"}
,{"stream_name":"stdout","time":3717.732835658,"data":"2000 steps in 28.8 min, now at step 2000\n"}
,{"stream_name":"stdout","time":3717.732839197,"data":"training loss 0.0868 -\u003e 0.0950\n"}
,{"stream_name":"stdout","time":3717.732842678,"data":"⚑ that number is NOT a result -- a class-weighted loss falls when the head gets more\n"}
,{"stream_name":"stdout","time":3717.732846504,"data":"  confident on the weighted classes, correct or not. Score it:\n"}
,{"stream_name":"stdout","time":3717.732850015,"data":"\n"}
,{"stream_name":"stdout","time":3717.732853064,"data":"  python scripts/frnet_eval.py --seq 08 --frames 200 --checkpoint /kaggle/working/ckpt/backbone-noclsw.pth\n"}
,{"stream_name":"stdout","time":3717.732856721,"data":"  python scripts/frnet_eval.py --seq 08 --frames 200  # the baseline, same 200 frames\n"}
,{"stream_name":"stdout","time":3717.732860887,"data":"\n"}
,{"stream_name":"stdout","time":3717.732863932,"data":"wrote /kaggle/working/ckpt/backbone-noclsw.pth\n"}
,{"stream_name":"stdout","time":3760.694695871,"data":"verifying on cuda: 20,000 rows x 64 ch into 4,000 slots (28 empty)\n"}
,{"stream_name":"stdout","time":3760.694733778,"data":"  scatter_max   forward  max abs diff 0.000e+00 (0.0 ulp), 0 of 254,208 values differ, empty-slot convention matches\n"}
,{"stream_name":"stdout","time":3760.694739309,"data":"  scatter_mean  forward  max abs diff 2.384e-07 (2.0 ulp), 105,326 of 256,000 values differ, empty-slot convention matches\n"}
,{"stream_name":"stdout","time":3760.694744202,"data":"  scatter_max   backward max abs diff 0.000e+00\n"}
,{"stream_name":"stdout","time":3760.694748567,"data":"  scatter_mean  backward max abs diff 2.384e-07 (2.0 ulp on 17,373 of 20,000 rows, the same float32 rounding as the forward)\n"}
,{"stream_name":"stdout","time":3760.694753074,"data":"  verified: scatter_max exact in both directions, scatter_mean within float32 rounding\n"}
,{"stream_name":"stdout","time":3760.694757979,"data":"\n"}
,{"stream_name":"stdout","time":3760.694762141,"data":"fast-scatter ENABLED in frustum_encoder, frnet_backbone (scatter_max) and frustum_encoder (scatter_mean)\n"}
,{"stream_name":"stdout","time":3760.694766438,"data":"backbone-noclsw.pth on cuda: 0 missing, 0 unexpected tensors (auxiliary heads are training-only)\n"}
,{"stream_name":"stdout","time":3760.694771006,"data":"\n"}
,{"stream_name":"stdout","time":3760.694775226,"data":"sequence 08, 200 frames, 22,741,893 labelled points\n"}
,{"stream_name":"stdout","time":3760.694779398,"data":"  reductions                torch.scatter_reduce (--fast-scatter)\n"}
,{"stream_name":"stdout","time":3760.694783594,"data":"  point accuracy             90.3%\n"}
,{"stream_name":"stdout","time":3760.695065237,"data":"  mIoU over 15 present classes   65.1%   (paper: 73.3% over all 4,071 frames)\n"}
,{"stream_name":"stdout","time":3760.695088457,"data":"\n"}
,{"stream_name":"stdout","time":3760.695093561,"data":"  class                IoU     gt points\n"}
,{"stream_name":"stdout","time":3760.695098001,"data":"  --------------------------------------\n"}
,{"stream_name":"stdout","time":3760.695116911,"data":"  car               97.8%     1,084,071\n"}
,{"stream_name":"stdout","time":3760.695121309,"data":"  road              97.4%     5,405,752\n"}
,{"stream_name":"stdout","time":3760.695125234,"data":"  bicyclist         91.2%        42,226\n"}
,{"stream_name":"stdout","time":3760.695128654,"data":"  sidewalk          89.4%     3,686,809\n"}
,{"stream_name":"stdout","time":3760.695132177,"data":"  building          88.8%     1,412,463\n"}
,{"stream_name":"stdout","time":3760.695135569,"data":"  trunk             79.2%       554,564\n"}
,{"stream_name":"stdout","time":3760.695138852,"data":"  terrain           73.9%     6,181,325\n"}
,{"stream_name":"stdout","time":3760.695142316,"data":"  vegetation        71.0%     4,073,074\n"}
,{"stream_name":"stdout","time":3760.695145574,"data":"  person            69.7%        33,383\n"}
,{"stream_name":"stdout","time":3760.695148877,"data":"  pole              55.7%        74,733\n"}
,{"stream_name":"stdout","time":3760.695152185,"data":"  bicycle           47.5%         6,899\n"}
,{"stream_name":"stdout","time":3760.695173744,"data":"  parking           46.4%        36,453\n"}
,{"stream_name":"stdout","time":3760.695181537,"data":"  traffic-sign      40.8%        83,161\n"}
,{"stream_name":"stdout","time":3760.695185648,"data":"  fence             28.1%        66,830\n"}
,{"stream_name":"stdout","time":3760.695189033,"data":"  other-ground       0.0%           150\n"}
,{"stream_name":"stdout","time":3760.695192408,"data":"\n"}
,{"stream_name":"stdout","time":3760.695195671,"data":"  no ground truth in this slice, excluded: motorcycle, truck, other-vehicle, motorcyclist\n"}
,{"stream_name":"stdout","time":3760.695199155,"data":"\n"}
,{"stream_name":"stdout","time":3760.695202358,"data":"  §7.1 drivable set only: mIoU 61.4% over 5 classes -- the only ones the map consults\n"}
,{"stream_name":"stdout","time":3760.912113299,"data":"verifying on cuda: 20,000 rows x 64 ch into 4,000 slots (28 empty)\n"}
,{"stream_name":"stdout","time":3760.912146024,"data":"  scatter_max   forward  max abs diff 0.000e+00 (0.0 ulp), 0 of 254,208 values differ, empty-slot convention matches\n"}
,{"stream_name":"stdout","time":3760.912150116,"data":"  scatter_mean  forward  max abs diff 2.384e-07 (2.0 ulp), 105,326 of 256,000 values differ, empty-slot convention matches\n"}
,{"stream_name":"stdout","time":3760.912152988,"data":"  scatter_max   backward max abs diff 0.000e+00\n"}
,{"stream_name":"stdout","time":3760.912187158,"data":"  scatter_mean  backward max abs diff 2.384e-07 (2.0 ulp on 17,373 of 20,000 rows, the same float32 rounding as the forward)\n"}
,{"stream_name":"stdout","time":3760.912192042,"data":"  verified: scatter_max exact in both directions, scatter_mean within float32 rounding\n"}
,{"stream_name":"stdout","time":3760.912195984,"data":"\n"}
,{"stream_name":"stdout","time":3760.912199229,"data":"fast-scatter ENABLED in frustum_encoder, frnet_backbone (scatter_max) and frustum_encoder (scatter_mean)\n"}
,{"stream_name":"stdout","time":3760.912203028,"data":"backbone-noclsw.pth on cuda: 0 missing, 0 unexpected tensors (auxiliary heads are training-only)\n"}
,{"stream_name":"stdout","time":3760.912206583,"data":"\n"}
,{"stream_name":"stdout","time":3760.912209784,"data":"sequence 08, 200 frames, 22,741,893 labelled points\n"}
,{"stream_name":"stdout","time":3760.912213179,"data":"  reductions                torch.scatter_reduce (--fast-scatter)\n"}
,{"stream_name":"stdout","time":3760.912216611,"data":"  point accuracy             90.3%\n"}
,{"stream_name":"stdout","time":3760.912219921,"data":"  mIoU over 15 present classes   65.1%   (paper: 73.3% over all 4,071 frames)\n"}
,{"stream_name":"stdout","time":3760.912233496,"data":"\n"}
,{"stream_name":"stdout","time":3760.912238459,"data":"  class                IoU     gt points\n"}
,{"stream_name":"stdout","time":3760.912245193,"data":"  --------------------------------------\n"}
,{"stream_name":"stdout","time":3760.912247658,"data":"  car               97.8%     1,084,071\n"}
,{"stream_name":"stdout","time":3760.912249867,"data":"  road              97.4%     5,405,752\n"}
,{"stream_name":"stdout","time":3760.912252061,"data":"  bicyclist         91.2%        42,226\n"}
,{"stream_name":"stdout","time":3760.912254324,"data":"  sidewalk          89.4%     3,686,809\n"}
,{"stream_name":"stdout","time":3760.912256513,"data":"  building          88.8%     1,412,463\n"}
,{"stream_name":"stdout","time":3760.912258704,"data":"  trunk             79.2%       554,564\n"}
,{"stream_name":"stdout","time":3760.912260903,"data":"  terrain           73.9%     6,181,325\n"}
,{"stream_name":"stdout","time":3760.912263205,"data":"  vegetation        71.0%     4,073,074\n"}
,{"stream_name":"stdout","time":3760.912265395,"data":"  person            69.7%        33,383\n"}
,{"stream_name":"stdout","time":3760.912267601,"data":"  pole              55.7%        74,733\n"}
,{"stream_name":"stdout","time":3760.912269792,"data":"  bicycle           47.5%         6,899\n"}
,{"stream_name":"stdout","time":3760.912272074,"data":"  parking           46.4%        36,453\n"}
,{"stream_name":"stdout","time":3760.912274269,"data":"  traffic-sign      40.8%        83,161\n"}
,{"stream_name":"stdout","time":3760.912276459,"data":"  fence             28.1%        66,830\n"}
,{"stream_name":"stdout","time":3760.912278653,"data":"  other-ground       0.0%           150\n"}
,{"stream_name":"stdout","time":3760.912280885,"data":"\n"}
,{"stream_name":"stdout","time":3760.912282999,"data":"  no ground truth in this slice, excluded: motorcycle, truck, other-vehicle, motorcyclist\n"}
,{"stream_name":"stdout","time":3760.912285391,"data":"\n"}
,{"stream_name":"stdout","time":3760.912287514,"data":"  §7.1 drivable set only: mIoU 61.4% over 5 classes -- the only ones the map consults\n"}
,{"stream_name":"stdout","time":3763.478223861,"data":"verifying on cuda: 20,000 rows x 64 ch into 4,000 slots (28 empty)\n"}
,{"stream_name":"stdout","time":3763.68058528,"data":"verifying on cuda: 20,000 rows x 64 ch into 4,000 slots (28 empty)\n"}
,{"stream_name":"stdout","time":3764.87358819,"data":"  scatter_max   forward  max abs diff 0.000e+00 (0.0 ulp), 0 of 254,208 values differ, empty-slot convention matches\n"}
,{"stream_name":"stdout","time":3764.874550041,"data":"  scatter_mean  forward  max abs diff 2.384e-07 (2.0 ulp), 105,202 of 256,000 values differ, empty-slot convention matches\n"}
,{"stream_name":"stdout","time":3765.075921493,"data":"  scatter_max   forward  max abs diff 0.000e+00 (0.0 ulp), 0 of 254,208 values differ, empty-slot convention matches\n"}
,{"stream_name":"stdout","time":3765.07595733,"data":"  scatter_mean  forward  max abs diff 2.384e-07 (2.0 ulp), 105,202 of 256,000 values differ, empty-slot convention matches\n"}
,{"stream_name":"stdout","time":3766.840652591,"data":"  scatter_max   backward max abs diff 0.000e+00\n"}
,{"stream_name":"stdout","time":3767.042889692,"data":"  scatter_max   backward max abs diff 0.000e+00\n"}
,{"stream_name":"stdout","time":3768.456181647,"data":"  scatter_mean  backward max abs diff 2.384e-07 (2.0 ulp on 17,409 of 20,000 rows, the same float32 rounding as the forward)\n"}
,{"stream_name":"stdout","time":3768.45621601,"data":"  verified: scatter_max exact in both directions, scatter_mean within float32 rounding\n"}
,{"stream_name":"stdout","time":3768.456220539,"data":"\n"}
,{"stream_name":"stdout","time":3768.456368238,"data":"fast-scatter ENABLED in frustum_encoder, frnet_backbone (scatter_max) and frustum_encoder (scatter_mean)\n"}
,{"stream_name":"stdout","time":3768.468770826,"data":"device cuda, holding out sequence 08\n"}
,{"stream_name":"stdout","time":3768.46879376,"data":"indexing training frames:\n"}
,{"stream_name":"stdout","time":3768.658742689,"data":"  scatter_mean  backward max abs diff 2.384e-07 (2.0 ulp on 17,409 of 20,000 rows, the same float32 rounding as the forward)\n"}
,{"stream_name":"stdout","time":3768.658784052,"data":"  verified: scatter_max exact in both directions, scatter_mean within float32 rounding\n"}
,{"stream_name":"stdout","time":3768.658788503,"data":"\n"}
,{"stream_name":"stdout","time":3768.658791702,"data":"fast-scatter ENABLED in frustum_encoder, frnet_backbone (scatter_max) and frustum_encoder (scatter_mean)\n"}
,{"stream_name":"stdout","time":3768.658794809,"data":"device cuda, holding out sequence 08\n"}
,{"stream_name":"stdout","time":3768.658797544,"data":"indexing training frames:\n"}
,{"stream_name":"stdout","time":3777.654065755,"data":"  sequence 00:  4541 labelled frames\n"}
,{"stream_name":"stdout","time":3777.856175002,"data":"  sequence 00:  4541 labelled frames\n"}
,{"stream_name":"stdout","time":3779.865712797,"data":"  sequence 01:  1101 labelled frames\n"}
,{"stream_name":"stdout","time":3780.067835002,"data":"  sequence 01:  1101 labelled frames\n"}
,{"stream_name":"stdout","time":3789.201552609,"data":"  sequence 02:  4661 labelled frames\n"}
,{"stream_name":"stdout","time":3789.403785863,"data":"  sequence 02:  4661 labelled frames\n"}
,{"stream_name":"stdout","time":3790.755577329,"data":"  sequence 03:   801 labelled frames\n"}
,{"stream_name":"stdout","time":3790.957648818,"data":"  sequence 03:   801 labelled frames\n"}
,{"stream_name":"stdout","time":3791.277230633,"data":"  sequence 04:   271 labelled frames\n"}
,{"stream_name":"stdout","time":3791.488897335,"data":"  sequence 04:   271 labelled frames\n"}
,{"stream_name":"stdout","time":3796.95742894,"data":"  sequence 05:  2761 labelled frames\n"}
,{"stream_name":"stdout","time":3797.159615092,"data":"  sequence 05:  2761 labelled frames\n"}
,{"stream_name":"stdout","time":3799.26476595,"data":"  sequence 06:  1101 labelled frames\n"}
,{"stream_name":"stdout","time":3799.46704346,"data":"  sequence 06:  1101 labelled frames\n"}
,{"stream_name":"stdout","time":3801.505729654,"data":"  sequence 07:  1101 labelled frames\n"}
,{"stream_name":"stdout","time":3801.708086576,"data":"  sequence 07:  1101 labelled frames\n"}
,{"stream_name":"stdout","time":3804.642945144,"data":"  sequence 09:  1591 labelled frames\n"}
,{"stream_name":"stdout","time":3804.84495347,"data":"  sequence 09:  1591 labelled frames\n"}
,{"stream_name":"stdout","time":3807.089622466,"data":"  sequence 10:  1201 labelled frames\n"}
,{"stream_name":"stdout","time":3807.089888698,"data":"  19,130 frames over 10 sequences\n"}
,{"stream_name":"stdout","time":3807.089909511,"data":"\n"}
,{"stream_name":"stdout","time":3807.245312439,"data":"init from frnet-semantickitti_seg.pth: 0 missing, 8 unexpected (auxiliary heads are training-only and correctly unused)\n"}
,{"stream_name":"stdout","time":3807.272332984,"data":"unfreeze=all: 10,019,252 of 10,019,252 parameters trainable (100.0%)\n"}
,{"stream_name":"stdout","time":3807.272460605,"data":"class weights: 3.0x on (none), 1.0 elsewhere\n"}
,{"stream_name":"stdout","time":3807.291811026,"data":"  sequence 10:  1201 labelled frames\n"}
,{"stream_name":"stdout","time":3807.291837967,"data":"  19,130 frames over 10 sequences\n"}
,{"stream_name":"stdout","time":3807.291843671,"data":"\n"}
,{"stream_name":"stdout","time":3807.29186906,"data":"init from frnet-semantickitti_seg.pth: 0 missing, 8 unexpected (auxiliary heads are training-only and correctly unused)\n"}
,{"stream_name":"stdout","time":3807.291873732,"data":"unfreeze=all: 10,019,252 of 10,019,252 parameters trainable (100.0%)\n"}
,{"stream_name":"stdout","time":3807.291877831,"data":"class weights: 3.0x on (none), 1.0 elsewhere\n"}
,{"stream_name":"stdout","time":3808.243967786,"data":"\n"}
,{"stream_name":"stdout","time":3808.244002646,"data":"training 2000 steps, batch 2, lr 5e-05\n"}
,{"stream_name":"stdout","time":3808.244006603,"data":"\n"}
,{"stream_name":"stdout","time":3808.447009556,"data":"\n"}
,{"stream_name":"stdout","time":3808.447048283,"data":"training 2000 steps, batch 2, lr 5e-05\n"}
,{"stream_name":"stdout","time":3808.447051997,"data":"\n"}
,{"stream_name":"stdout","time":3832.680584606,"data":"  step    25  loss 0.1143   1.02 steps/s  eta  32.2 min\n"}
,{"stream_name":"stdout","time":3832.901284942,"data":"  step    25  loss 0.1143   1.02 steps/s  eta  32.2 min\n"}
,{"stream_name":"stdout","time":3857.769186229,"data":"  step    50  loss 0.1103   1.01 steps/s  eta  32.2 min\n"}
,{"stream_name":"stdout","time":3857.97162006,"data":"  step    50  loss 0.1103   1.01 steps/s  eta  32.2 min\n"}
,{"stream_name":"stdout","time":3880.492132919,"data":"  step    75  loss 0.1072   1.04 steps/s  eta  30.9 min\n"}
,{"stream_name":"stdout","time":3880.710991196,"data":"  step    75  loss 0.1072   1.04 steps/s  eta  30.9 min\n"}
,{"stream_name":"stdout","time":3903.316737264,"data":"  step   100  loss 0.1257   1.05 steps/s  eta  30.1 min\n"}
,{"stream_name":"stdout","time":3903.519221258,"data":"  step   100  loss 0.1257   1.05 steps/s  eta  30.1 min\n"}
,{"stream_name":"stdout","time":3927.756826293,"data":"  step   125  loss 0.0991   1.05 steps/s  eta  29.9 min\n"}
,{"stream_name":"stdout","time":3927.968643446,"data":"  step   125  loss 0.0991   1.05 steps/s  eta  29.9 min\n"}
,{"stream_name":"stdout","time":3951.1404928,"data":"  step   150  loss 0.0974   1.05 steps/s  eta  29.4 min\n"}
,{"stream_name":"stdout","time":3951.342833056,"data":"  step   150  loss 0.0974   1.05 steps/s  eta  29.4 min\n"}
,{"stream_name":"stdout","time":3973.901670018,"data":"  step   175  loss 0.1052   1.06 steps/s  eta  28.8 min\n"}
,{"stream_name":"stdout","time":3974.119086303,"data":"  step   175  loss 0.1052   1.06 steps/s  eta  28.8 min\n"}
,{"stream_name":"stdout","time":3997.17490563,"data":"  step   200  loss 0.1027   1.06 steps/s  eta  28.3 min\n"}
,{"stream_name":"stdout","time":3997.377678245,"data":"  step   200  loss 0.1027   1.06 steps/s  eta  28.3 min\n"}
,{"stream_name":"stdout","time":4021.037605916,"data":"  step   225  loss 0.1046   1.06 steps/s  eta  28.0 min\n"}
,{"stream_name":"stdout","time":4021.256670501,"data":"  step   225  loss 0.1046   1.06 steps/s  eta  28.0 min\n"}
,{"stream_name":"stdout","time":4044.136707247,"data":"  step   250  loss 0.0969   1.06 steps/s  eta  27.5 min\n"}
,{"stream_name":"stdout","time":4044.339296239,"data":"  step   250  loss 0.0969   1.06 steps/s  eta  27.5 min\n"}
,{"stream_name":"stdout","time":4067.364192995,"data":"  step   275  loss 0.1080   1.06 steps/s  eta  27.1 min\n"}
,{"stream_name":"stdout","time":4067.576292122,"data":"  step   275  loss 0.1080   1.06 steps/s  eta  27.1 min\n"}
,{"stream_name":"stdout","time":4091.09625625,"data":"  step   300  loss 0.0945   1.06 steps/s  eta  26.7 min\n"}
,{"stream_name":"stdout","time":4091.298878622,"data":"  step   300  loss 0.0945   1.06 steps/s  eta  26.7 min\n"}
,{"stream_name":"stdout","time":4114.782981844,"data":"  step   325  loss 0.1063   1.06 steps/s  eta  26.3 min\n"}
,{"stream_name":"stdout","time":4114.995284617,"data":"  step   325  loss 0.1063   1.06 steps/s  eta  26.3 min\n"}
,{"stream_name":"stdout","time":4138.182428287,"data":"  step   350  loss 0.1012   1.06 steps/s  eta  25.9 min\n"}
,{"stream_name":"stdout","time":4138.384887036,"data":"  step   350  loss 0.1012   1.06 steps/s  eta  25.9 min\n"}
,{"stream_name":"stdout","time":4161.632293693,"data":"  step   375  loss 0.1102   1.06 steps/s  eta  25.5 min\n"}
,{"stream_name":"stdout","time":4161.844999336,"data":"  step   375  loss 0.1102   1.06 steps/s  eta  25.5 min\n"}
,{"stream_name":"stdout","time":4185.091609538,"data":"  step   400  loss 0.1044   1.06 steps/s  eta  25.1 min\n"}
,{"stream_name":"stdout","time":4185.293763364,"data":"  step   400  loss 0.1044   1.06 steps/s  eta  25.1 min\n"}
,{"stream_name":"stdout","time":4208.738879759,"data":"  step   425  loss 0.1006   1.06 steps/s  eta  24.7 min\n"}
,{"stream_name":"stdout","time":4208.950923396,"data":"  step   425  loss 0.1006   1.06 steps/s  eta  24.7 min\n"}
,{"stream_name":"stdout","time":4232.386692738,"data":"  step   450  loss 0.1081   1.06 steps/s  eta  24.3 min\n"}
,{"stream_name":"stdout","time":4232.589173711,"data":"  step   450  loss 0.1081   1.06 steps/s  eta  24.3 min\n"}
,{"stream_name":"stdout","time":4255.818559476,"data":"  step   475  loss 0.1083   1.06 steps/s  eta  23.9 min\n"}
,{"stream_name":"stdout","time":4256.031140973,"data":"  step   475  loss 0.1083   1.06 steps/s  eta  23.9 min\n"}
,{"stream_name":"stdout","time":4279.369864708,"data":"  step   500  loss 0.1160   1.06 steps/s  eta  23.6 min\n"}
,{"stream_name":"stdout","time":4279.572627497,"data":"  step   500  loss 0.1160   1.06 steps/s  eta  23.6 min\n"}
,{"stream_name":"stdout","time":4302.771533927,"data":"  step   525  loss 0.1002   1.06 steps/s  eta  23.2 min\n"}
,{"stream_name":"stdout","time":4302.988427299,"data":"  step   525  loss 0.1002   1.06 steps/s  eta  23.2 min\n"}
,{"stream_name":"stdout","time":4326.261433969,"data":"  step   550  loss 0.1039   1.06 steps/s  eta  22.8 min\n"}
,{"stream_name":"stdout","time":4326.464336945,"data":"  step   550  loss 0.1039   1.06 steps/s  eta  22.8 min\n"}
,{"stream_name":"stdout","time":4349.805851224,"data":"  step   575  loss 0.1275   1.06 steps/s  eta  22.4 min\n"}
,{"stream_name":"stdout","time":4350.025868936,"data":"  step   575  loss 0.1275   1.06 steps/s  eta  22.4 min\n"}
,{"stream_name":"stdout","time":4373.390253039,"data":"  step   600  loss 0.1096   1.06 steps/s  eta  22.0 min\n"}
,{"stream_name":"stdout","time":4373.593013959,"data":"  step   600  loss 0.1096   1.06 steps/s  eta  22.0 min\n"}
,{"stream_name":"stdout","time":4396.859413506,"data":"  step   625  loss 0.1074   1.06 steps/s  eta  21.6 min\n"}
,{"stream_name":"stdout","time":4397.071849989,"data":"  step   625  loss 0.1074   1.06 steps/s  eta  21.6 min\n"}
,{"stream_name":"stdout","time":4420.269195425,"data":"  step   650  loss 0.1070   1.06 steps/s  eta  21.2 min\n"}
,{"stream_name":"stdout","time":4420.471827095,"data":"  step   650  loss 0.1070   1.06 steps/s  eta  21.2 min\n"}
,{"stream_name":"stdout","time":4443.611513024,"data":"  step   675  loss 0.0993   1.06 steps/s  eta  20.8 min\n"}
,{"stream_name":"stdout","time":4443.823940147,"data":"  step   675  loss 0.0993   1.06 steps/s  eta  20.8 min\n"}
,{"stream_name":"stdout","time":4467.105627456,"data":"  step   700  loss 0.1037   1.06 steps/s  eta  20.4 min\n"}
,{"stream_name":"stdout","time":4467.308449931,"data":"  step   700  loss 0.1037   1.06 steps/s  eta  20.4 min\n"}
,{"stream_name":"stdout","time":4490.138992364,"data":"  step   725  loss 0.1166   1.06 steps/s  eta  20.0 min\n"}
,{"stream_name":"stdout","time":4490.351266775,"data":"  step   725  loss 0.1166   1.06 steps/s  eta  20.0 min\n"}
,{"stream_name":"stdout","time":4513.519573931,"data":"  step   750  loss 0.1068   1.06 steps/s  eta  19.6 min\n"}
,{"stream_name":"stdout","time":4513.721914387,"data":"  step   750  loss 0.1068   1.06 steps/s  eta  19.6 min\n"}
,{"stream_name":"stdout","time":4537.296472117,"data":"  step   775  loss 0.0999   1.06 steps/s  eta  19.2 min\n"}
,{"stream_name":"stdout","time":4537.5193981,"data":"  step   775  loss 0.0999   1.06 steps/s  eta  19.2 min\n"}
,{"stream_name":"stdout","time":4560.915788919,"data":"  step   800  loss 0.1109   1.06 steps/s  eta  18.8 min\n"}
,{"stream_name":"stdout","time":4561.118393822,"data":"  step   800  loss 0.1109   1.06 steps/s  eta  18.8 min\n"}
,{"stream_name":"stdout","time":4584.404770068,"data":"  step   825  loss 0.1103   1.06 steps/s  eta  18.4 min\n"}
,{"stream_name":"stdout","time":4584.617645812,"data":"  step   825  loss 0.1103   1.06 steps/s  eta  18.4 min\n"}
,{"stream_name":"stdout","time":4608.081281898,"data":"  step   850  loss 0.1160   1.06 steps/s  eta  18.0 min\n"}
,{"stream_name":"stdout","time":4608.283462309,"data":"  step   850  loss 0.1160   1.06 steps/s  eta  18.0 min\n"}
,{"stream_name":"stdout","time":4631.7717154,"data":"  step   875  loss 0.1090   1.06 steps/s  eta  17.6 min\n"}
,{"stream_name":"stdout","time":4631.984400767,"data":"  step   875  loss 0.1090   1.06 steps/s  eta  17.6 min\n"}
,{"stream_name":"stdout","time":4655.297252336,"data":"  step   900  loss 0.1033   1.06 steps/s  eta  17.3 min\n"}
,{"stream_name":"stdout","time":4655.499191635,"data":"  step   900  loss 0.1033   1.06 steps/s  eta  17.3 min\n"}
,{"stream_name":"stdout","time":4678.939913621,"data":"  step   925  loss 0.0919   1.06 steps/s  eta  16.9 min\n"}
,{"stream_name":"stdout","time":4679.158455447,"data":"  step   925  loss 0.0919   1.06 steps/s  eta  16.9 min\n"}
,{"stream_name":"stdout","time":4702.556792139,"data":"  step   950  loss 0.0996   1.06 steps/s  eta  16.5 min\n"}
,{"stream_name":"stdout","time":4702.759373471,"data":"  step   950  loss 0.0996   1.06 steps/s  eta  16.5 min\n"}
,{"stream_name":"stdout","time":4726.001222929,"data":"  step   975  loss 0.0948   1.06 steps/s  eta  16.1 min\n"}
,{"stream_name":"stdout","time":4726.219435898,"data":"  step   975  loss 0.0948   1.06 steps/s  eta  16.1 min\n"}
,{"stream_name":"stdout","time":4749.382359073,"data":"  step  1000  loss 0.1071   1.06 steps/s  eta  15.7 min\n"}
,{"stream_name":"stdout","time":4749.584918604,"data":"  step  1000  loss 0.1071   1.06 steps/s  eta  15.7 min\n"}
,{"stream_name":"stdout","time":4772.739819585,"data":"  step  1025  loss 0.0980   1.06 steps/s  eta  15.3 min\n"}
,{"stream_name":"stdout","time":4772.958976503,"data":"  step  1025  loss 0.0980   1.06 steps/s  eta  15.3 min\n"}
,{"stream_name":"stdout","time":4796.190283588,"data":"  step  1050  loss 0.0983   1.06 steps/s  eta  14.9 min\n"}
,{"stream_name":"stdout","time":4796.39257714,"data":"  step  1050  loss 0.0983   1.06 steps/s  eta  14.9 min\n"}
,{"stream_name":"stdout","time":4820.018714438,"data":"  step  1075  loss 0.1065   1.06 steps/s  eta  14.5 min\n"}
,{"stream_name":"stdout","time":4820.231452138,"data":"  step  1075  loss 0.1065   1.06 steps/s  eta  14.5 min\n"}
,{"stream_name":"stdout","time":4843.733112413,"data":"  step  1100  loss 0.1059   1.06 steps/s  eta  14.1 min\n"}
,{"stream_name":"stdout","time":4843.935241481,"data":"  step  1100  loss 0.1059   1.06 steps/s  eta  14.1 min\n"}
,{"stream_name":"stdout","time":4867.446778537,"data":"  step  1125  loss 0.1059   1.06 steps/s  eta  13.7 min\n"}
,{"stream_name":"stdout","time":4867.659526613,"data":"  step  1125  loss 0.1059   1.06 steps/s  eta  13.7 min\n"}
,{"stream_name":"stdout","time":4891.095503785,"data":"  step  1150  loss 0.1155   1.06 steps/s  eta  13.3 min\n"}
,{"stream_name":"stdout","time":4891.297690819,"data":"  step  1150  loss 0.1155   1.06 steps/s  eta  13.3 min\n"}
,{"stream_name":"stdout","time":4914.529565884,"data":"  step  1175  loss 0.1015   1.06 steps/s  eta  12.9 min\n"}
,{"stream_name":"stdout","time":4914.742257112,"data":"  step  1175  loss 0.1015   1.06 steps/s  eta  12.9 min\n"}
,{"stream_name":"stdout","time":4938.013276065,"data":"  step  1200  loss 0.0941   1.06 steps/s  eta  12.6 min\n"}
,{"stream_name":"stdout","time":4938.215456729,"data":"  step  1200  loss 0.0941   1.06 steps/s  eta  12.6 min\n"}
,{"stream_name":"stdout","time":4961.53390774,"data":"  step  1225  loss 0.1017   1.06 steps/s  eta  12.2 min\n"}
,{"stream_name":"stdout","time":4961.746462737,"data":"  step  1225  loss 0.1017   1.06 steps/s  eta  12.2 min\n"}
,{"stream_name":"stdout","time":4984.972288003,"data":"  step  1250  loss 0.1123   1.06 steps/s  eta  11.8 min\n"}
,{"stream_name":"stdout","time":4985.174628036,"data":"  step  1250  loss 0.1123   1.06 steps/s  eta  11.8 min\n"}
,{"stream_name":"stdout","time":5008.437936784,"data":"  step  1275  loss 0.1005   1.06 steps/s  eta  11.4 min\n"}
,{"stream_name":"stdout","time":5008.656031119,"data":"  step  1275  loss 0.1005   1.06 steps/s  eta  11.4 min\n"}
,{"stream_name":"stdout","time":5031.964276708,"data":"  step  1300  loss 0.1286   1.06 steps/s  eta  11.0 min\n"}
,{"stream_name":"stdout","time":5032.166869546,"data":"  step  1300  loss 0.1286   1.06 steps/s  eta  11.0 min\n"}
,{"stream_name":"stdout","time":5055.382999938,"data":"  step  1325  loss 0.1029   1.06 steps/s  eta  10.6 min\n"}
,{"stream_name":"stdout","time":5055.600985944,"data":"  step  1325  loss 0.1029   1.06 steps/s  eta  10.6 min\n"}
,{"stream_name":"stdout","time":5078.996144268,"data":"  step  1350  loss 0.1083   1.06 steps/s  eta  10.2 min\n"}
,{"stream_name":"stdout","time":5079.198957417,"data":"  step  1350  loss 0.1083   1.06 steps/s  eta  10.2 min\n"}
,{"stream_name":"stdout","time":5102.619396998,"data":"  step  1375  loss 0.1086   1.06 steps/s  eta   9.8 min\n"}
,{"stream_name":"stdout","time":5102.838605823,"data":"  step  1375  loss 0.1086   1.06 steps/s  eta   9.8 min\n"}
,{"stream_name":"stdout","time":5126.080216629,"data":"  step  1400  loss 0.1041   1.06 steps/s  eta   9.4 min\n"}
,{"stream_name":"stdout","time":5126.28336455,"data":"  step  1400  loss 0.1041   1.06 steps/s  eta   9.4 min\n"}
,{"stream_name":"stdout","time":5149.383881993,"data":"  step  1425  loss 0.1091   1.06 steps/s  eta   9.0 min\n"}
,{"stream_name":"stdout","time":5149.596714768,"data":"  step  1425  loss 0.1091   1.06 steps/s  eta   9.0 min\n"}
,{"stream_name":"stdout","time":5172.702528884,"data":"  step  1450  loss 0.1028   1.06 steps/s  eta   8.6 min\n"}
,{"stream_name":"stdout","time":5172.904699464,"data":"  step  1450  loss 0.1028   1.06 steps/s  eta   8.6 min\n"}
,{"stream_name":"stdout","time":5196.295882164,"data":"  step  1475  loss 0.1054   1.06 steps/s  eta   8.2 min\n"}
,{"stream_name":"stdout","time":5196.509069639,"data":"  step  1475  loss 0.1054   1.06 steps/s  eta   8.2 min\n"}
,{"stream_name":"stdout","time":5219.805860204,"data":"  step  1500  loss 0.1087   1.06 steps/s  eta   7.8 min\n"}
,{"stream_name":"stdout","time":5220.007862218,"data":"  step  1500  loss 0.1087   1.06 steps/s  eta   7.8 min\n"}
,{"stream_name":"stdout","time":5243.428209951,"data":"  step  1525  loss 0.1043   1.06 steps/s  eta   7.5 min\n"}
,{"stream_name":"stdout","time":5243.641700008,"data":"  step  1525  loss 0.1043   1.06 steps/s  eta   7.5 min\n"}
,{"stream_name":"stdout","time":5266.861835936,"data":"  step  1550  loss 0.1030   1.06 steps/s  eta   7.1 min\n"}
,{"stream_name":"stdout","time":5267.06451089,"data":"  step  1550  loss 0.1030   1.06 steps/s  eta   7.1 min\n"}
,{"stream_name":"stdout","time":5290.609059784,"data":"  step  1575  loss 0.0959   1.06 steps/s  eta   6.7 min\n"}
,{"stream_name":"stdout","time":5290.822939206,"data":"  step  1575  loss 0.0959   1.06 steps/s  eta   6.7 min\n"}
,{"stream_name":"stdout","time":5314.178344854,"data":"  step  1600  loss 0.0984   1.06 steps/s  eta   6.3 min\n"}
,{"stream_name":"stdout","time":5314.380462301,"data":"  step  1600  loss 0.0984   1.06 steps/s  eta   6.3 min\n"}
,{"stream_name":"stdout","time":5337.710603885,"data":"  step  1625  loss 0.1010   1.06 steps/s  eta   5.9 min\n"}
,{"stream_name":"stdout","time":5337.930101798,"data":"  step  1625  loss 0.1010   1.06 steps/s  eta   5.9 min\n"}
,{"stream_name":"stdout","time":5361.323452125,"data":"  step  1650  loss 0.1007   1.06 steps/s  eta   5.5 min\n"}
,{"stream_name":"stdout","time":5361.52572786,"data":"  step  1650  loss 0.1007   1.06 steps/s  eta   5.5 min\n"}
,{"stream_name":"stdout","time":5384.96037965,"data":"  step  1675  loss 0.1009   1.06 steps/s  eta   5.1 min\n"}
,{"stream_name":"stdout","time":5385.174111911,"data":"  step  1675  loss 0.1009   1.06 steps/s  eta   5.1 min\n"}
,{"stream_name":"stdout","time":5408.369030353,"data":"  step  1700  loss 0.0985   1.06 steps/s  eta   4.7 min\n"}
,{"stream_name":"stdout","time":5408.571270591,"data":"  step  1700  loss 0.0985   1.06 steps/s  eta   4.7 min\n"}
,{"stream_name":"stdout","time":5432.115660376,"data":"  step  1725  loss 0.1056   1.06 steps/s  eta   4.3 min\n"}
,{"stream_name":"stdout","time":5432.330123313,"data":"  step  1725  loss 0.1056   1.06 steps/s  eta   4.3 min\n"}
,{"stream_name":"stdout","time":5455.537717788,"data":"  step  1750  loss 0.1007   1.06 steps/s  eta   3.9 min\n"}
,{"stream_name":"stdout","time":5455.739918003,"data":"  step  1750  loss 0.1007   1.06 steps/s  eta   3.9 min\n"}
,{"stream_name":"stdout","time":5479.054271327,"data":"  step  1775  loss 0.1012   1.06 steps/s  eta   3.5 min\n"}
,{"stream_name":"stdout","time":5479.268115885,"data":"  step  1775  loss 0.1012   1.06 steps/s  eta   3.5 min\n"}
,{"stream_name":"stdout","time":5502.329244453,"data":"  step  1800  loss 0.0971   1.06 steps/s  eta   3.1 min\n"}
,{"stream_name":"stdout","time":5502.532115357,"data":"  step  1800  loss 0.0971   1.06 steps/s  eta   3.1 min\n"}
,{"stream_name":"stdout","time":5525.838828517,"data":"  step  1825  loss 0.0969   1.06 steps/s  eta   2.7 min\n"}
,{"stream_name":"stdout","time":5526.057847728,"data":"  step  1825  loss 0.0969   1.06 steps/s  eta   2.7 min\n"}
,{"stream_name":"stdout","time":5549.412302874,"data":"  step  1850  loss 0.1002   1.06 steps/s  eta   2.4 min\n"}
,{"stream_name":"stdout","time":5549.614992413,"data":"  step  1850  loss 0.1002   1.06 steps/s  eta   2.4 min\n"}
,{"stream_name":"stdout","time":5573.012301865,"data":"  step  1875  loss 0.0990   1.06 steps/s  eta   2.0 min\n"}
,{"stream_name":"stdout","time":5573.234605879,"data":"  step  1875  loss 0.0990   1.06 steps/s  eta   2.0 min\n"}
,{"stream_name":"stdout","time":5596.476440411,"data":"  step  1900  loss 0.0978   1.06 steps/s  eta   1.6 min\n"}
,{"stream_name":"stdout","time":5596.678643701,"data":"  step  1900  loss 0.0978   1.06 steps/s  eta   1.6 min\n"}
,{"stream_name":"stdout","time":5620.122543328,"data":"  step  1925  loss 0.1022   1.06 steps/s  eta   1.2 min\n"}
,{"stream_name":"stdout","time":5620.345034041,"data":"  step  1925  loss 0.1022   1.06 steps/s  eta   1.2 min\n"}
,{"stream_name":"stdout","time":5643.500637437,"data":"  step  1950  loss 0.1006   1.06 steps/s  eta   0.8 min\n"}
,{"stream_name":"stdout","time":5643.702823217,"data":"  step  1950  loss 0.1006   1.06 steps/s  eta   0.8 min\n"}
,{"stream_name":"stdout","time":5666.790247711,"data":"  step  1975  loss 0.1118   1.06 steps/s  eta   0.4 min\n"}
,{"stream_name":"stdout","time":5667.004524839,"data":"  step  1975  loss 0.1118   1.06 steps/s  eta   0.4 min\n"}
,{"stream_name":"stdout","time":5690.240311888,"data":"  step  2000  loss 0.1075   1.06 steps/s  eta   0.0 min\n"}
,{"stream_name":"stdout","time":5690.43729534,"data":"\n"}
,{"stream_name":"stdout","time":5690.437326372,"data":"2000 steps in 31.4 min, now at step 2000\n"}
,{"stream_name":"stdout","time":5690.437334924,"data":"training loss 0.0851 -\u003e 0.0967\n"}
,{"stream_name":"stdout","time":5690.437344293,"data":"⚑ that number is NOT a result -- a class-weighted loss falls when the head gets more\n"}
,{"stream_name":"stdout","time":5690.437349005,"data":"  confident on the weighted classes, correct or not. Score it:\n"}
,{"stream_name":"stdout","time":5690.437369523,"data":"\n"}
,{"stream_name":"stdout","time":5690.437375616,"data":"  python scripts/frnet_eval.py --seq 08 --frames 200 --checkpoint /kaggle/working/ckpt/all-lowlr.pth\n"}
,{"stream_name":"stdout","time":5690.437381966,"data":"  python scripts/frnet_eval.py --seq 08 --frames 200  # the baseline, same 200 frames\n"}
,{"stream_name":"stdout","time":5690.43738815,"data":"\n"}
,{"stream_name":"stdout","time":5690.437393929,"data":"wrote /kaggle/working/ckpt/all-lowlr.pth\n"}
,{"stream_name":"stdout","time":5690.442620727,"data":"  step  2000  loss 0.1075   1.06 steps/s  eta   0.0 min\n"}
,{"stream_name":"stdout","time":5690.442640842,"data":"\n"}
,{"stream_name":"stdout","time":5690.442646334,"data":"2000 steps in 31.4 min, now at step 2000\n"}
,{"stream_name":"stdout","time":5690.442651272,"data":"training loss 0.0851 -\u003e 0.0967\n"}
,{"stream_name":"stdout","time":5690.442656029,"data":"⚑ that number is NOT a result -- a class-weighted loss falls when the head gets more\n"}
,{"stream_name":"stdout","time":5690.442660944,"data":"  confident on the weighted classes, correct or not. Score it:\n"}
,{"stream_name":"stdout","time":5690.442665329,"data":"\n"}
,{"stream_name":"stdout","time":5690.442669302,"data":"  python scripts/frnet_eval.py --seq 08 --frames 200 --checkpoint /kaggle/working/ckpt/all-lowlr.pth\n"}
,{"stream_name":"stdout","time":5690.442673545,"data":"  python scripts/frnet_eval.py --seq 08 --frames 200  # the baseline, same 200 frames\n"}
,{"stream_name":"stdout","time":5690.442678191,"data":"\n"}
,{"stream_name":"stdout","time":5690.442682435,"data":"wrote /kaggle/working/ckpt/all-lowlr.pth\n"}
,{"stream_name":"stdout","time":5733.531210636,"data":"verifying on cuda: 20,000 rows x 64 ch into 4,000 slots (28 empty)\n"}
,{"stream_name":"stdout","time":5733.531241705,"data":"  scatter_max   forward  max abs diff 0.000e+00 (0.0 ulp), 0 of 254,208 values differ, empty-slot convention matches\n"}
,{"stream_name":"stdout","time":5733.531247303,"data":"  scatter_mean  forward  max abs diff 2.384e-07 (2.0 ulp), 105,233 of 256,000 values differ, empty-slot convention matches\n"}
,{"stream_name":"stdout","time":5733.531252363,"data":"  scatter_max   backward max abs diff 0.000e+00\n"}
,{"stream_name":"stdout","time":5733.531256551,"data":"  scatter_mean  backward max abs diff 2.384e-07 (2.0 ulp on 17,397 of 20,000 rows, the same float32 rounding as the forward)\n"}
,{"stream_name":"stdout","time":5733.531261113,"data":"  verified: scatter_max exact in both directions, scatter_mean within float32 rounding\n"}
,{"stream_name":"stdout","time":5733.531265315,"data":"\n"}
,{"stream_name":"stdout","time":5733.531269493,"data":"fast-scatter ENABLED in frustum_encoder, frnet_backbone (scatter_max) and frustum_encoder (scatter_mean)\n"}
,{"stream_name":"stdout","time":5733.531284515,"data":"all-lowlr.pth on cuda: 0 missing, 0 unexpected tensors (auxiliary heads are training-only)\n"}
,{"stream_name":"stdout","time":5733.531288316,"data":"\n"}
,{"stream_name":"stdout","time":5733.531291738,"data":"sequence 08, 200 frames, 22,741,893 labelled points\n"}
,{"stream_name":"stdout","time":5733.531295229,"data":"  reductions                torch.scatter_reduce (--fast-scatter)\n"}
,{"stream_name":"stdout","time":5733.531298779,"data":"  point accuracy             89.9%\n"}
,{"stream_name":"stdout","time":5733.531302174,"data":"  mIoU over 15 present classes   64.9%   (paper: 73.3% over all 4,071 frames)\n"}
,{"stream_name":"stdout","time":5733.531305994,"data":"\n"}
,{"stream_name":"stdout","time":5733.531309249,"data":"  class                IoU     gt points\n"}
,{"stream_name":"stdout","time":5733.531312719,"data":"  --------------------------------------\n"}
,{"stream_name":"stdout","time":5733.531316072,"data":"  car               97.9%     1,084,071\n"}
,{"stream_name":"stdout","time":5733.53131951,"data":"  road              97.3%     5,405,752\n"}
,{"stream_name":"stdout","time":5733.531322858,"data":"  bicyclist         91.1%        42,226\n"}
,{"stream_name":"stdout","time":5733.531326826,"data":"  sidewalk          89.2%     3,686,809\n"}
,{"stream_name":"stdout","time":5733.531330307,"data":"  building          88.9%     1,412,463\n"}
,{"stream_name":"stdout","time":5733.53133388,"data":"  trunk             79.4%       554,564\n"}
,{"stream_name":"stdout","time":5733.53133704,"data":"  terrain           72.4%     6,181,325\n"}
,{"stream_name":"stdout","time":5733.531340328,"data":"  person            70.1%        33,383\n"}
,{"stream_name":"stdout","time":5733.531343706,"data":"  vegetation        69.6%     4,073,074\n"}
,{"stream_name":"stdout","time":5733.531346968,"data":"  pole              56.4%        74,733\n"}
,{"stream_name":"stdout","time":5733.53135064,"data":"  bicycle           46.9%         6,899\n"}
,{"stream_name":"stdout","time":5733.53135452,"data":"  parking           46.5%        36,453\n"}
,{"stream_name":"stdout","time":5733.53135821,"data":"  traffic-sign      39.9%        83,161\n"}
,{"stream_name":"stdout","time":5733.53136195,"data":"  fence             28.1%        66,830\n"}
,{"stream_name":"stdout","time":5733.53136568,"data":"  other-ground       0.0%           150\n"}
,{"stream_name":"stdout","time":5733.531369011,"data":"\n"}
,{"stream_name":"stdout","time":5733.531372228,"data":"  no ground truth in this slice, excluded: motorcycle, truck, other-vehicle, motorcyclist\n"}
,{"stream_name":"stdout","time":5733.53137719,"data":"\n"}
,{"stream_name":"stdout","time":5733.531385502,"data":"  §7.1 drivable set only: mIoU 61.1% over 5 classes -- the only ones the map consults\n"}
,{"stream_name":"stdout","time":5733.746037787,"data":"verifying on cuda: 20,000 rows x 64 ch into 4,000 slots (28 empty)\n"}
,{"stream_name":"stdout","time":5733.74606794,"data":"  scatter_max   forward  max abs diff 0.000e+00 (0.0 ulp), 0 of 254,208 values differ, empty-slot convention matches\n"}
,{"stream_name":"stdout","time":5733.746073146,"data":"  scatter_mean  forward  max abs diff 2.384e-07 (2.0 ulp), 105,233 of 256,000 values differ, empty-slot convention matches\n"}
,{"stream_name":"stdout","time":5733.746077112,"data":"  scatter_max   backward max abs diff 0.000e+00\n"}
,{"stream_name":"stdout","time":5733.746080935,"data":"  scatter_mean  backward max abs diff 2.384e-07 (2.0 ulp on 17,397 of 20,000 rows, the same float32 rounding as the forward)\n"}
,{"stream_name":"stdout","time":5733.746084904,"data":"  verified: scatter_max exact in both directions, scatter_mean within float32 rounding\n"}
,{"stream_name":"stdout","time":5733.74610455,"data":"\n"}
,{"stream_name":"stdout","time":5733.746107148,"data":"fast-scatter ENABLED in frustum_encoder, frnet_backbone (scatter_max) and frustum_encoder (scatter_mean)\n"}
,{"stream_name":"stdout","time":5733.746109506,"data":"all-lowlr.pth on cuda: 0 missing, 0 unexpected tensors (auxiliary heads are training-only)\n"}
,{"stream_name":"stdout","time":5733.746111815,"data":"\n"}
,{"stream_name":"stdout","time":5733.746113969,"data":"sequence 08, 200 frames, 22,741,893 labelled points\n"}
,{"stream_name":"stdout","time":5733.746116278,"data":"  reductions                torch.scatter_reduce (--fast-scatter)\n"}
,{"stream_name":"stdout","time":5733.746118586,"data":"  point accuracy             89.9%\n"}
,{"stream_name":"stdout","time":5733.746120792,"data":"  mIoU over 15 present classes   64.9%   (paper: 73.3% over all 4,071 frames)\n"}
,{"stream_name":"stdout","time":5733.746123138,"data":"\n"}
,{"stream_name":"stdout","time":5733.746125315,"data":"  class                IoU     gt points\n"}
,{"stream_name":"stdout","time":5733.746127519,"data":"  --------------------------------------\n"}
,{"stream_name":"stdout","time":5733.746129776,"data":"  car               97.9%     1,084,071\n"}
,{"stream_name":"stdout","time":5733.746131971,"data":"  road              97.3%     5,405,752\n"}
,{"stream_name":"stdout","time":5733.746134271,"data":"  bicyclist         91.1%        42,226\n"}
,{"stream_name":"stdout","time":5733.746136605,"data":"  sidewalk          89.2%     3,686,809\n"}
,{"stream_name":"stdout","time":5733.746138871,"data":"  building          88.9%     1,412,463\n"}
,{"stream_name":"stdout","time":5733.746141063,"data":"  trunk             79.4%       554,564\n"}
,{"stream_name":"stdout","time":5733.746143257,"data":"  terrain           72.4%     6,181,325\n"}
,{"stream_name":"stdout","time":5733.746145526,"data":"  person            70.1%        33,383\n"}
,{"stream_name":"stdout","time":5733.74614771,"data":"  vegetation        69.6%     4,073,074\n"}
,{"stream_name":"stdout","time":5733.746149901,"data":"  pole              56.4%        74,733\n"}
,{"stream_name":"stdout","time":5733.746152082,"data":"  bicycle           46.9%         6,899\n"}
,{"stream_name":"stdout","time":5733.74615433,"data":"  parking           46.5%        36,453\n"}
,{"stream_name":"stdout","time":5733.746200064,"data":"  traffic-sign      39.9%        83,161\n"}
,{"stream_name":"stdout","time":5733.74620722,"data":"  fence             28.1%        66,830\n"}
,{"stream_name":"stdout","time":5733.746210664,"data":"  other-ground       0.0%           150\n"}
,{"stream_name":"stdout","time":5733.746213959,"data":"\n"}
,{"stream_name":"stdout","time":5733.746217119,"data":"  no ground truth in this slice, excluded: motorcycle, truck, other-vehicle, motorcyclist\n"}
,{"stream_name":"stdout","time":5733.746220734,"data":"\n"}
,{"stream_name":"stdout","time":5733.74622394,"data":"  §7.1 drivable set only: mIoU 61.1% over 5 classes -- the only ones the map consults\n"}
,{"stream_name":"stdout","time":5734.132031453,"data":"total 44\r\n"}
,{"stream_name":"stdout","time":5734.13205719,"data":"drwxr-xr-x 2 root root 4096 Sep 19 11:13 .\r\n"}
,{"stream_name":"stdout","time":5734.132065607,"data":"drwxr-xr-x 6 root root 4096 Sep 19 11:14 ..\r\n"}
,{"stream_name":"stdout","time":5734.132068447,"data":"-rw-r--r-- 1 root root 1858 Sep 19 11:14 all-lowlr.eval.log\r\n"}
,{"stream_name":"stdout","time":5734.132070821,"data":"-rw-r--r-- 1 root root 6349 Sep 19 11:13 all-lowlr.train.log\r\n"}
,{"stream_name":"stdout","time":5734.132087279,"data":"-rw-r--r-- 1 root root 1863 Sep 19 10:10 backbone-lowlr.eval.log\r\n"}
,{"stream_name":"stdout","time":5734.132089864,"data":"-rw-r--r-- 1 root root 6381 Sep 19 10:10 backbone-lowlr.train.log\r\n"}
,{"stream_name":"stdout","time":5734.132092937,"data":"-rw-r--r-- 1 root root 1864 Sep 19 10:41 backbone-noclsw.eval.log\r\n"}
,{"stream_name":"stdout","time":5734.132095346,"data":"-rw-r--r-- 1 root root 6370 Sep 19 10:40 backbone-noclsw.train.log\r\n"}
,{"stream_name":"stdout","time":5734.234409531,"data":"\n"}
,{"stream_name":"stdout","time":5734.234429082,"data":"== all-lowlr.eval ==\n"}
,{"stream_name":"stdout","time":5734.234434388,"data":"   point accuracy             89.9%\n"}
,{"stream_name":"stdout","time":5734.234438959,"data":"   mIoU over 15 present classes   64.9%   (paper: 73.3% over all 4,071 frames)\n"}
,{"stream_name":"stdout","time":5734.234443066,"data":"   §7.1 drivable set only: mIoU 61.1% over 5 classes -- the only ones the map consults\n"}
,{"stream_name":"stdout","time":5734.234447704,"data":"== backbone-lowlr.eval ==\n"}
,{"stream_name":"stdout","time":5734.234451768,"data":"   point accuracy             90.4%\n"}
,{"stream_name":"stdout","time":5734.234455336,"data":"   mIoU over 15 present classes   65.2%   (paper: 73.3% over all 4,071 frames)\n"}
,{"stream_name":"stdout","time":5734.234458753,"data":"   §7.1 drivable set only: mIoU 61.6% over 5 classes -- the only ones the map consults\n"}
,{"stream_name":"stdout","time":5734.234462292,"data":"== backbone-noclsw.eval ==\n"}
,{"stream_name":"stdout","time":5734.234465748,"data":"   point accuracy             90.3%\n"}
,{"stream_name":"stdout","time":5734.234477998,"data":"   mIoU over 15 present classes   65.1%   (paper: 73.3% over all 4,071 frames)\n"}
,{"stream_name":"stdout","time":5734.234481365,"data":"   §7.1 drivable set only: mIoU 61.4% over 5 classes -- the only ones the map consults\n"}
,{"stream_name":"stderr","time":5737.416277836,"data":"/usr/local/lib/python3.12/dist-packages/mistune.py:435: SyntaxWarning: invalid escape sequence '\\|'\n"}
,{"stream_name":"stderr","time":5737.416303859,"data":"  cells[i][c] = re.sub('\\\\\\\\\\|', '|', cell)\n"}
,{"stream_name":"stderr","time":5737.577004441,"data":"/usr/local/lib/python3.12/dist-packages/nbconvert/filters/filter_links.py:36: SyntaxWarning: invalid escape sequence '\\_'\n"}
,{"stream_name":"stderr","time":5737.577027849,"data":"  text = re.sub(r'_', '\\_', text) # Escape underscores in display text\n"}
,{"stream_name":"stderr","time":5738.175520962,"data":"[NbConvertApp] Converting notebook __notebook__.ipynb to notebook\n"}
,{"stream_name":"stderr","time":5738.500660137,"data":"[NbConvertApp] Writing 48125 bytes to __notebook__.ipynb\n"}
,{"stream_name":"stderr","time":5740.786445187,"data":"[NbConvertApp] Converting notebook __notebook__.ipynb to html\n"}
,{"stream_name":"stderr","time":5741.632550701,"data":"[NbConvertApp] Writing 335760 bytes to __results__.html\n"}
]